TreeID,Species,Height_m,DBH_cm_hlayer_0.5,DBH_cm_hlayer_0.1,DBH_cm_hlayer_0.05,Stem_coverage,Point Count,dbh (cm),Biomass_stem,Biomass_branch,id,voxel_size,0-1.3m Total,1.3-8m Total,8-14m Total,14+m Total,0-1.3m Stem,1.3-8m Stem,8-14m Stem,14+m Stem,0-1.3m Foliage,1.3-8m Foliage,8-14m Foliage,14+m Foliage
1012,Spruce,21.075,46.5319641445618,38.751526841963,,0.90049822064057,9983,38.751526841963,2272.5849229279884,2093.3150352171183,1012,0.1,39.28263806264343,450.9512453065454,814.1369751557394,3061.5290996202775,23.371162370462574,260.4215235565833,464.08450992775414,1292.0914053384424,15.911475692180858,190.52972174996208,350.05246522798524,1769.4376942818353
1015,Spruce,20.205,72.1608507242236,,,0.9944568176194,6620,72.1608507242236,2423.6370154996825,2540.1891914357197,1015,0.1,224.46298647086832,1164.2905089804576,1297.7742222817324,2277.2984892023705,131.4617915060484,803.3776147591864,522.1954495934706,953.0979884188532,93.0011949648199,360.9128942212712,775.5787726882618,1324.2005007835176
1023,Spruce,21.939,14.332578323605,,,0.932038834951457,5280,14.332578323605,1598.5603751367726,1164.183242196247,1023,0.1,97.47782918708144,799.4122281328098,820.8931650366512,1044.9603949764683,83.54456296054282,509.9099187591759,357.22502783128704,538.71838874557,13.933266226538615,289.50230937363386,463.66813720536413,506.2420062308982
1028,Spruce,23.092,,,,0.242464922917027,81138,,,,1028,0.1,,,,,,,0.0,0.0,,,,
1029,Spruce,24.493,35.0313677670179,34.8757330191536,35.4204468807799,0.39186706405912,42714,34.8757330191536,2703.3669246639984,1793.5952635622316,1029,0.1,364.6287784594698,1908.5656716944127,1282.8179719356772,940.9497661365825,224.98782912323261,697.8436055856158,129.65400322355745,0.0,139.64094933623718,1210.7220661087968,1153.1639687121196,940.9497661365825
1030,Spruce,13.937,47.4756360562937,54.651511616996,,1.00767740546746,10800,47.4756360562937,1460.4576356912266,2987.8003409762227,1030,0.1,148.51254484097245,2718.126047814225,1578.2970726441158,3.3223113682172167,126.24783199225416,774.0985487946153,568.1152439651463,3.3223113682172167,22.264712848718275,1944.0274990196096,1010.1818286789694,0.0
1031,Spruce,24.821,36.3181524005238,32.5009546606526,,0.974336247532332,17349,32.5009546606526,2698.9640360832623,1726.1739528075036,1031,0.1,214.62317327408584,1383.6986733393394,1233.7539462526306,1593.0621960246822,178.4183139026682,1042.338570694537,622.8990257303692,785.6666103433301,36.204859371417655,341.3601026448022,610.8549205222613,807.3955856813519
1032,Spruce,13.883,25.981622919717,26.189562240645,24.4786571454218,0.902110494849818,15229,24.4786571454218,1202.5193734982768,2307.741145815266,1032,0.1,245.3664236955945,1984.1080547043953,1280.7860409135512,0.0,129.38955554041675,578.5910313788482,375.962104777816,0.0,115.97686815517775,1405.5170233255471,904.8239361357352,0.0
1033,Spruce,13.309,27.8101531025374,17.086362318547,16.8747238360644,0.570666466301,40141,16.8747238360644,971.2928808484843,1882.697286195948,1033,0.1,147.8448270975814,2130.6426969938116,575.5026429531271,0.0,61.87343052285982,489.0947365140317,0.0,0.0,85.97139657472157,1641.54796047978,575.5026429531271,0.0
1034,Spruce,21.047,25.1013471059584,25.2718738387675,25.2677990083574,0.550339715873996,54855,25.1013471059584,1983.8924202030494,1743.0591794767636,1034,0.1,148.93029270056894,1775.1259180064221,1162.1116331863636,640.783755786362,102.9842103394451,672.8301742177098,311.69887662738824,0.0,45.94608236112384,1102.2957437887123,850.4127565589753,640.783755786362
1035,Spruce,22.395,36.4563221460408,49.337121152285,,0.294663987497209,25306,36.4563221460408,2422.394593433532,1955.8537307393883,1035,0.1,393.38175595635187,1246.0596468244432,571.268972874767,2167.537948517295,106.45089514783885,599.6009604245575,0.0,0.0,286.93086080851305,646.4586863998858,571.268972874767,2167.537948517295
1036,Spruce,20.741,26.9438571008728,25.8691301979313,25.5325882210599,0.490188515500699,39429,25.5325882210599,1959.197870622473,1777.713560838789,1036,0.1,413.2143107301747,1859.4846712039418,886.3347686571411,577.877680870037,102.15916399025488,734.6445763416859,118.68491110632553,0.0,311.05514673991985,1124.840094862256,767.6498575508156,577.877680870037
1037,Spruce,22.69,27.3471604023519,27.9078965696456,29.8169366803117,0.927016306743058,29787,27.3471604023519,2258.479681647823,1717.060129989347,1037,0.1,139.8398114044728,1073.001298629329,1172.3243081070575,1590.3743934962808,92.54366135210898,674.5009163932507,466.27767835101065,859.5882390974627,47.29615005236384,398.50038223607834,706.0466297560469,730.7861543988182
1038,Unknown,14.623,18.2538978213357,,,0.72303904807495,1282,18.2538978213357,0.0,0.0,1038,0.1,0.0,0.0,0.0,0.0,0.0,0.0,0.0,0.0,0.0,0.0,0.0,0.0
1040,Birch,17.024,21.7364893905453,23.1794164381017,22.8104850777904,0.622415413533834,60174,21.7364893905453,863.397179313206,642.3523385672993,1040,0.1,100.83948156351985,539.5999328053111,693.0580731818807,172.2520303297916,73.24725818661837,337.6822750298328,124.14789523155635,0.0,27.592223376901494,201.91765777547832,568.9101779503243,172.2520303297916
1042,Spruce,22.135,26.2470433665638,26.9046130631302,26.9511211499617,0.785949853173707,215036,26.2470433665638,2153.87696102686,1715.672024585179,1042,0.1,119.85045635244616,1320.5323267303265,1581.3141905801626,847.8520119491601,104.03820567466094,829.245698171568,592.0997881778488,165.23715018916707,15.812250677785213,491.2866285587584,989.2144024023139,682.614861759993
1043,Spruce,20.599,34.3278206924086,29.4938716054074,28.9524378470565,0.805815816301762,387265,28.9524378470565,2028.882848724192,1897.5352728640164,1043,0.1,186.1075259473138,1596.0557798019258,1653.3303585486328,490.924457290127,134.7232841804305,747.6402034188717,578.8659792807535,171.73517543879046,51.3842417668833,848.415576383054,1074.4643792678792,319.18928185133655
1044,Spruce,23.6,32.7534586206067,32.2982161801294,32.2763520073374,0.533813559322033,175950,32.2763520073374,2512.0049603570733,1791.5094547976664,1044,0.1,302.889990963582,961.6475471982702,1556.1691838973952,1482.8076930954312,125.28141977248207,733.7911729531061,476.83642423608353,0.0,177.60857119109997,227.85637424516418,1079.3327596613117,1482.8076930954312
1046,Pine,25.7996666666667,31.706221043845,31.5939799753223,31.6145445626154,0.751818498947014,3312463,31.5939799753223,2608.5512784610255,704.4461841295525,1046,0.1,261.35858152167737,673.9601316392663,834.3592212031808,1543.3195282273273,190.82558609036943,593.8492239132296,661.0198302170396,512.939175410913,70.53299543130791,80.11090772603669,173.33939098614124,1030.3803528164144
1047,Spruce,21.731,28.2920155424834,27.7895671883556,28.0101336997532,0.496847821085087,63974,27.7895671883556,2144.708045357694,1788.427014575969,1047,0.1,406.33209490908973,1645.6461240809417,1374.8819471257682,506.27489381780435,138.1764863894467,696.0640501868419,226.26399646271963,0.0,268.155608519643,949.5820738940998,1148.6179506630485,506.27489381780435
1048,Spruce,19.344,33.1152274829641,36.5562358666724,38.9808888878639,0.671991315136475,261779,33.1152274829641,1953.9340736314787,2104.5203406709034,1048,0.1,183.98495594610705,1973.9540749660823,1609.8553064235612,290.6600769667877,109.59801681716333,737.9599799022297,462.1383042457036,0.0,74.38693912894372,1235.9940950638527,1147.7170021778577,290.6600769667877
1049,Spruce,21.954,29.9484148170751,25.4381336355694,25.0558684160722,0.692311196137376,958664,25.0558684160722,2094.684698150014,1686.5617336534406,1049,0.1,237.98264858077428,1398.3573172124052,1410.0810215513366,734.8254444591402,134.71859415560348,792.3053953309753,438.83581660587686,81.36469548011694,103.2640544251708,606.0519218814297,971.2452049454596,653.4607489790233
1050,Spruce,24.749,21.9955456374422,21.7267151288347,21.7625298263363,0.89211685320619,63333,21.7267151288347,2328.223460993167,1420.2074362193569,1050,0.1,251.574603123464,1653.3453835772157,974.4836130187382,869.027297493132,124.4147184132181,1046.5473372405982,395.19969378316335,509.856395065933,127.15988471024589,606.7980463366175,579.2839192355749,359.17090242719894
1051,Spruce,24.048,31.149603936797,30.6498931649882,30.6433881874219,0.673652694610778,377110,30.6433881874219,2537.159180307621,1727.2514359662775,1051,0.1,156.1807356724149,1506.2081494407962,1696.3300253776233,905.6917057828819,132.2765984460029,789.4824349356113,594.5485003836088,189.36439356480363,23.90413722641199,716.725714505185,1101.7815249940145,716.3273122180782
1052,Spruce,24.734,38.2155418710201,38.1665644911411,38.666061746072,0.719616721921242,112616,38.1665644911411,2807.0191563817484,1839.1187155171685,1052,0.1,155.65920644305663,1825.1277112467062,989.7171967728607,1675.633757436254,61.9977674066472,1055.7855096602552,654.6234852643022,244.3441421320795,93.66143903640945,769.342201586451,335.09371150855844,1431.2896153041745
1053,Spruce,21.649,24.6413854360799,25.516953586214,25.7808410387441,0.831400988498315,300956,24.6413854360799,2043.6659515052334,1689.9775573013644,1053,0.1,142.9350853255929,1115.2320855517862,1252.6890773081584,1222.7872606210915,119.90786549191996,694.8877506218521,495.5228658280527,387.1723849618613,23.02721983367294,420.3443349299342,757.1662114801056,835.6148756592302
1054,Pine,24.428,38.7891521146427,39.1039088220829,39.2654018781575,0.622236777468478,1083624,38.7891521146427,2569.9269148598764,810.006809380931,1054,0.1,248.68231134730422,1105.7152945228288,707.7572953569887,1317.778823013945,184.97539301654817,753.1141001388149,564.5352903751867,92.4876965082741,63.70691833075607,352.6011943840139,143.22200498180203,1225.2911265056707
1055,Spruce,21.586,23.3096935324151,23.568045789819,23.52495512167,0.240896877605855,329769,23.3096935324151,1992.3091924693413,1644.0804429137952,1055,0.1,135.34234343613792,1592.4029069404676,996.160952508579,912.4834324978659,85.28525557257922,387.5462348812773,0.0,0.0,50.05708786355871,1204.8566720591903,996.160952508579,912.4834324978659
1056,Spruce,21.09,27.5577734737253,19.6695545984976,18.8026561873099,0.407681365576104,255511,18.8026561873099,1758.8853221230931,1469.3858162363426,1056,0.1,300.8426442566657,1868.2998542615285,768.1174808389089,291.0111590023773,89.65611741738859,562.6246208946277,59.770744944925816,0.0,211.18652683927712,1305.6752333669008,708.3467358939831,291.0111590023773
1057,Pine,24.343,33.4555325723786,33.4975802912235,33.5528290635883,0.854352380561147,3045961,33.4555325723786,2463.87838513964,772.085610500733,1057,0.1,89.06234669043513,958.227395266484,896.5015521367725,1292.1727015464317,64.73014296079273,807.2948018317805,668.0639282934666,561.8087879615954,24.332203729642405,150.93259343470345,228.43762384330586,730.3639135848364
1058,Spruce,20.299,23.4838047170219,22.6970445174886,22.6391206841853,0.31528646731366,57923,22.6391206841853,1819.0629268533803,1694.1308035991867,1058,0.1,565.0192902412571,1477.8316719429208,841.8307443479088,628.5120239204472,58.27288785236588,501.4178722180298,0.0,0.0,506.74640238889117,976.413799724891,841.8307443479088,628.5120239204472
1059,Spruce,20.823,11.7247725200459,11.6297390897125,11.696132506489,0.278538154924842,841841,11.6297390897125,1301.2585796570145,1000.8468618072967,1059,0.1,349.1230570647275,1511.997642082711,353.9395370278676,87.04520528908324,95.51806964487642,262.3562979579272,0.0,0.0,253.6049874198511,1249.641344124784,353.9395370278676,87.04520528908324
1061,Spruce,21.464,29.2397029598011,25.6734938770158,25.5253487095557,0.661572866194558,498130,25.5253487095557,2047.7085418943884,1732.1282737373622,1061,0.1,153.66956335375315,1577.0211397752566,1368.2461549479585,680.8999575549739,143.01213058168818,711.4853496438989,485.04947622288785,11.917677548473987,10.657432772064968,865.5357901313578,883.1966787250708,668.9822800064999
1062,Pine,21.663,22.9318694576515,22.7653696902587,22.9411126518927,0.544292110972626,248370,22.7653696902587,1882.2400560808182,745.2032925638958,1062,0.1,243.88525198819212,730.980725504731,1022.3987947391206,630.1785764125618,218.74451841659376,499.73341199238087,300.5514114829622,0.0,25.140733571598357,231.24731351235022,721.8473832561584,630.1785764125618
1063,Spruce,17.694,22.2764616571761,21.6453159456587,21.7439738240276,0.587713349157906,226236,21.6453159456587,1507.5698207136643,1824.4592587598147,1063,0.1,226.2754241764324,1487.4172290290142,1289.1628439693518,329.17358229881006,71.58052561602518,605.9661737494563,204.86840090103695,0.0,154.6948985604072,881.4510552795579,1084.2944430683149,329.17358229881006
1064,Pine,23.685,36.1023587370709,36.2039143952782,36.1533758823466,0.658602491028076,947777,36.1023587370709,2429.7544338195285,820.2340523957334,1064,0.1,216.77082967398627,1226.544048060854,996.6131283437436,810.0604801366853,127.83166741986727,792.3151461778438,546.2994843509408,130.24358567307232,88.939162254119,434.2289018830104,450.3136439928028,679.816894463613
1065,Spruce,21.147,22.8184586820675,22.9379072910581,22.8654352208715,0.728141107485697,833248,22.8184586820675,1923.2073939621055,1650.2659424538977,1065,0.1,172.4996473155508,1583.5065182171907,1180.6692647535706,636.7979061297133,127.07793104903739,772.4344828470844,419.8555172894679,78.48931035381707,45.42171626651339,811.0720353701063,760.8137474641028,558.3085957758963
1066,Spruce,22.449375,24.1079787760361,24.2096166441097,24.133726480029,0.650324340878088,2376454,24.1079787760361,2126.0534087598203,1624.7866170670238,1066,0.1,108.25122106003387,1493.3587479116434,1315.1739733392665,834.0560835157833,100.37695878117165,767.5885083266138,468.8194427779415,42.512594307319816,7.874262278862217,725.7702395850296,846.3545305613251,791.5434892084635
1068,Spruce,22.749,27.1720056888652,27.0437205475039,26.9920612043844,0.659325684645479,421155,26.9920612043844,2256.061957688363,1702.9378689241544,1068,0.1,332.19295371954405,1285.334681939657,1220.4560937541935,1121.016097198858,103.50461319355303,755.1463328769045,561.257409570677,64.14370395093428,228.68834052599104,530.1883490627524,659.1986841835164,1056.8723932479238
1069,Spruce,22.242,14.8077945770061,15.0568543950302,14.888543220267,0.602373887240357,6720017,14.8077945770061,1659.8269989446296,1183.4402398258055,1069,0.1,160.43184572287424,1427.550379633692,998.0748920432843,257.21012137066447,124.42818931600685,569.2232108939196,303.2043233907306,0.0,36.00365640686738,858.3271687397726,694.8705686525536,257.21012137066447
1070,Pine,23.398,24.2192110012745,24.1636940960751,24.2266332080844,0.658004957688691,2721634,24.1636940960751,2114.841265809848,701.2551978375124,1070,0.1,165.87390199402546,961.4121033174755,907.4992093887499,781.3112489471889,152.19545254484873,689.869551289357,464.0713798908549,82.3352448193444,13.678449449176739,271.5425520281185,443.42782949789506,698.9760041278445
1071,Spruce,20.997,16.9079767897686,16.259520180039,16.2287441985302,0.676096585226462,903003,16.2287441985302,1621.5851044185322,1328.4283667243712,1071,0.1,218.3043153421037,1218.1315278426919,1146.6442762784288,366.93335167971713,93.24036208468769,620.6746491010584,374.35309553404386,5.56658878117539,125.06395325741602,597.4568787416333,772.291180744385,361.36676289854177
1072,Pine,22.296,26.7813417682099,26.7109520978541,26.7003715256285,0.690662002152853,976950,26.7003715256285,2064.758035048014,780.0012427168746,1072,0.1,147.76757793649472,818.3649952564332,770.3391421015945,1108.2875624706521,143.81530978114415,723.0714186218697,473.3920613629308,82.89354660996491,3.9522681553505716,95.29357663456344,296.94708073866366,1025.3940158606872
1073,Pine,22.738,31.998552861226,31.9508126190267,31.9885575992504,0.71237575864192,6673368,31.9508126190267,2235.8736400524895,822.9397102623117,1073,0.1,242.05043594116387,872.1336313152858,767.0436540593213,1177.5856289985657,147.08179676554593,738.1160107620653,571.1826831447278,133.5466620938699,94.96863917561795,134.0176205532205,195.86097091459348,1044.0389669046958
1074,Spruce,25.198,19.807546527299,19.9476677988311,20.0233420919545,0.491983490753235,9141636,19.807546527299,2292.038216605097,1323.2209675686902,1074,0.1,179.94254773593082,1931.4504879139442,1142.2470246948283,361.61912382927005,136.83163926774145,661.5880290368166,324.4461549647495,0.0,43.11090846818936,1269.8624588771277,817.8008697300788,361.61912382927005
1075,Spruce,19.949,19.5027730926513,19.6326998323305,19.8780500899141,0.651611609604492,5518746,19.5027730926513,1667.0640731202523,1568.7066566309127,1075,0.1,156.88140297973686,1677.7877219960023,917.5098899684497,483.5917148072308,111.1285283097351,622.8082355820326,349.2610889734528,0.0,45.75287467000175,1054.9794864139699,568.2488009949969,483.5917148072308
1076,Dead,20.748,23.4903980810124,23.4138161125719,23.393658184743,0.992834650729388,1130343,23.393658184743,0.0,0.0,1076,0.1,0.0,0.0,0.0,0.0,0.0,0.0,0.0,0.0,0.0,0.0,0.0,0.0
1077,Spruce,15.999,13.7824459633346,13.6806938407765,13.6703728688321,0.79979998749922,5597906,13.6703728688321,1054.0556827745993,1406.0130980222239,1077,0.1,126.59971863709151,1393.095525333373,858.6868146815045,81.68672214502159,94.96175404263096,486.319285854689,260.4254163896406,0.0,31.637964594460556,906.7762394786839,598.261398291864,81.68672214502159
1078,Spruce,24.292,29.8999169681481,29.0134673198855,29.0798548333906,0.559566935616665,281023,29.0134673198855,2528.1837307503574,1672.8508047768817,1078,0.1,306.02468699860844,1962.901456286233,1357.2599316689025,574.8484605736697,108.35629501349729,813.3758249065091,488.30693986602387,0.0,197.66839198511116,1149.525631379724,868.9529918028785,574.8484605736697
1079,Pine,23.793,30.6292103951502,30.5506977061416,30.5357519767012,0.781742529315343,6294850,30.5357519767012,2333.2746486288743,765.4169349867994,1079,0.1,196.49635759939363,930.0034347385127,725.2324593927565,1246.9593318847774,167.59968380170758,788.3392534376603,562.8038764699309,303.12782317222394,28.896673797686038,141.6641813008524,162.42858292282568,943.8315087125535
1080,Pine,23.046,20.5419085923196,20.3404736590024,20.3507671325987,0.503341143799357,9867087,20.3404736590024,1938.3425221200491,649.1242095371002,1080,0.1,146.5048138347994,883.5241215740417,640.6694895107821,916.76830673736,108.75375280271756,623.1956621279365,239.5026466217142,0.0,37.751061032081836,260.32845944610517,401.1668428890679,916.76830673736
1081,Pine,20.77,20.1274952824549,20.1033071993957,20.0926496419215,0.635002407318247,379459,20.0926496419215,1700.099308005486,729.6465019843602,1081,0.1,384.4992365197322,866.0223670747469,554.1128553839058,625.1113510114992,185.8403939914756,550.8242308395984,339.87027009251824,0.0,198.65884252825666,315.19813623514847,214.24258529138754,625.1113510114992
1082,Spruce,21.233,23.0862252070239,23.3362815353955,23.4710032221701,0.687608910657939,5735394,23.0862252070239,1942.4932979921311,1655.9336968042655,1082,0.1,163.33390066649199,1503.7999117379823,1060.2751369400298,871.0180454517415,120.29043392458985,733.45229180569,440.71008535203526,38.32261611756855,43.043466741902144,770.3476199322921,619.5650515879946,832.6954293341729
1083,Spruce,23.09975,21.2845201674201,21.1190957939455,21.148551194128,0.631554454052532,7814356,21.1190957939455,2092.0702568789616,1474.6455474864476,1083,0.1,189.63730723156766,1483.473997230115,1386.4402206907687,507.1642792132401,126.22551077143393,720.7069485981959,453.32602793181644,17.644426236867123,63.41179646013372,762.7670486319189,933.1141927589523,489.519852976373
1084,Spruce,16.249,15.6013904260047,15.4374969874745,15.486532517864,0.664594744291954,2629732,15.4374969874745,1154.0506872925455,1538.1926973559346,1084,0.1,318.9147428946457,1348.852669085299,940.7292149491774,83.74675771959383,106.57018609895174,483.2834020766444,174.72553767386304,0.0,212.344556795694,865.5692670086547,766.0036772753143,83.74675771959383
1085,Pine,23.181,30.2557370619557,30.1606604953545,30.1542196146635,0.776497994046847,2085415,30.1542196146635,2250.9251744836292,785.5401476030006,1085,0.1,335.3171291228316,746.7590814326512,711.2389164274113,1243.1501951041232,120.17219317756822,721.0331590654139,630.3769431595279,274.0769318084875,215.14493594526337,25.72592236723736,80.86197326788343,969.0732632956358
1086,Spruce,20.619,22.9041518256661,22.891424048945,22.8916932275105,0.756583733449731,3685639,22.891424048945,1864.0795037971834,1684.9148885296868,1086,0.1,232.20288460199106,1227.5468014881367,1399.5463030909145,689.698403146082,143.13426827421085,683.8637261990109,464.8805294376063,116.22013235940183,89.0686163277802,543.6830752891259,934.6657736533083,573.4782707866801
1089,Spruce,21.4353333333333,25.9931570073717,26.1830876004907,26.2765405864375,0.793075296239851,1889546,25.9931570073717,2057.7487396065494,1749.7572180396048,1089,0.1,321.2974526864789,764.9031924380388,1008.5015651276433,1712.8037473937284,159.12462837046596,645.0998447451273,617.8622957447783,207.8655055289871,162.17282431601296,119.80334769291147,390.63926938286505,1504.9382418647413
1090,Spruce,20.099,38.6603597026595,38.2186946551862,38.1758403887405,0.655853525050997,896925,38.1758403887405,2130.9046074181974,2157.6118184645056,1090,0.1,181.10322807533024,849.8879973204946,1364.6764833755885,1892.848717111736,173.9023721652412,794.6000697396414,425.3919565272788,0.0,7.200855910089051,55.287927580853236,939.2845268483097,1892.848717111736
1092,Pine,23.522,31.8716040255712,31.8812691272345,31.8540872593859,0.807669415865998,3453917,31.8540872593859,2328.9829157131117,789.3108957754644,1092,0.1,123.84658507471121,863.3821688642386,606.7010584312005,1524.3639991185719,91.69326938304862,833.5751762095352,516.8166092499117,437.0315566698562,32.1533156916626,29.80699265470338,89.88444918128883,1087.3324424487157
1093,Spruce,21.9985,26.0119469704272,25.9205180640899,25.9448870172405,0.727049571561697,5224212,25.9205180640899,2126.7194289807926,1713.1473168699654,1093,0.1,139.20798018555047,1768.0597710747386,1335.8185846310678,596.7804099597518,100.9952947956862,776.6680416682242,561.8752316098015,98.15035691411758,38.21268538986427,991.3917294065144,773.9433530212663,498.63005304563416
1094,Pine,22.2565,23.3275133753111,23.3022174278728,23.3026781558678,0.691865297778177,18114848,23.3022174278728,1962.3802069102762,730.5488398927846,1094,0.1,185.180459980681,748.3421268538111,1018.6739234724821,740.7325364961017,167.19469158081384,644.3962071343925,447.01358512926174,96.3691625083859,17.985768399867172,103.94591971941857,571.6603383432204,644.3633739877158
1095,Birch,15.148,17.1285770795243,17.1914609563287,17.3073929248508,0.659955109585426,2424693,17.1285770795243,701.322643986692,572.6108849328735,1095,0.1,162.92663991539564,904.1985850752064,181.2106665877513,25.59763734129858,72.94998234353929,315.356694505927,72.94998234353929,0.0,89.97665757185635,588.8418905692794,108.260684244212,25.59763734129858
1096,Spruce,22.642625,15.0666743638097,15.0218593850611,14.9669056306679,0.44149585129816,11308181,14.9669056306679,1710.4432843362924,1177.4250865489842,1096,0.1,273.58992803221236,1689.7249364710742,675.2487480439755,249.30475833771655,89.5885391123381,535.9023521447164,125.42395475727325,0.0,184.00138891987427,1153.8225843263579,549.8247932867023,249.30475833771655
1097,Spruce,20.62725,29.5288819220433,26.4823571409442,26.6414589226256,0.756002375498433,5406361,26.4823571409442,1971.3487087633775,1817.7808098422333,1097,0.1,187.65474110813,1972.4983669673775,1182.7353100964024,446.2411004334194,138.50956260937159,762.4621636973119,498.6344253937368,88.38229233169436,49.1451784987584,1210.0362032700657,684.1008847026654,357.858808101725
1098,Spruce,20.3,26.6235175911863,26.2116687166621,26.1378100925933,0.620689655172412,14113734,26.1378100925933,1922.5429078216396,1827.7778349392593,1098,0.1,261.6620311388098,2151.8820520879526,1045.5843225515032,291.19233698189254,138.70641516439184,727.6751934008807,323.29264457546896,0.0,122.95561597441798,1424.2068586870719,722.2916779760342,291.19233698189254
1099,Spruce,18.6,16.3524752894413,16.3526105577587,16.5624573186596,0.669946236559142,8092650,16.3524752894413,1398.635843145796,1460.966188678167,1099,0.1,185.46087897937147,1897.0894796743714,663.3207574590062,113.73091571138139,127.79699815846804,554.3194795123554,252.39907136297336,0.0,57.66388082090344,1342.770000162016,410.9216860960329,113.73091571138139
1100,Pine,23.08475,30.8736679014919,30.696893342428,30.7112695802018,0.770974344534811,9698028,30.696893342428,2251.3948269869616,795.2903027487428,1100,0.1,159.15224028315646,750.9430675443824,700.9650665603968,1435.624755348167,152.51543125854664,747.6246630320775,586.1377358171503,247.21455524261157,6.636809024609831,3.3184045123049124,114.82733074324649,1188.4102001055553
1101,Spruce,21.15,15.9175034148916,15.9637713064475,15.8082788721943,0.481465721040189,8701407,15.8082788721943,1613.313385726456,1295.023145463714,1101,0.1,238.70685900030747,1927.503169671058,685.0497298099871,57.0767727085841,122.84502989292007,528.5193146555865,121.41659931276983,0.0,115.8618291073874,1398.9838550154714,563.6331304972173,57.0767727085841
1102,Pine,20.8755,27.9450652278314,27.9042489497451,27.9159603249772,0.718354051399966,15145609,27.9042489497451,1935.1262859220699,861.0375812966521,1102,0.1,166.0330826300283,788.6528464318501,1037.9168698802123,803.5610682764664,154.49272410338537,698.6613637796455,478.2386236576097,56.08971512033743,11.54035852664292,89.99148265220458,559.6782462226025,747.4713531561289
1103,Pine,20.047,24.8677235821826,24.7878454714798,24.7803745229629,0.837980745248666,6811441,24.7803745229629,1770.9918061414114,854.3964071040971,1103,0.1,62.14636978002298,764.5153896927088,940.9636505854073,857.7628031872061,56.65290385478866,723.2285598483701,517.1084202915843,185.6286636944141,5.493465925234317,41.28682984433876,423.855230293823,672.1341394927921
1108,Spruce,17.198,18.9937543092302,18.3441654598422,18.4350319396147,0.534597046168159,451558,18.3441654598422,1351.056787009488,1676.9534836805033,1108,0.1,176.43286984162822,1762.9399848485864,884.1834149628678,204.4540010368003,95.10795362166415,568.8864633295806,54.599010412436805,0.0,81.32491621996407,1194.053521519006,829.584404550431,204.4540010368003
1111,Spruce,17.445,20.1571723422123,19.7139135079518,19.5341809133846,0.664889653195758,583417,19.5341809133846,1416.0450030159836,1730.421157459684,1111,0.1,173.36616873244853,1814.181371290692,943.7653454302474,215.15327502238353,100.06983041817094,625.8335426152286,212.84694088944346,0.0,73.29633831427759,1188.3478286754632,730.918404540804,215.15327502238353
1114,Birch,6.94900000000001,11.6283244771658,11.9882783021707,,0.610879263203338,53543,11.6283244771658,280.3010332800101,447.291013567716,1114,0.1,288.806968763405,438.7850780843394,0.0,0.0,34.58630264478888,135.05127699393756,0.0,0.0,254.2206661186161,303.7338010904018,0.0,0.0
1116,Spruce,21.494,21.7620887354058,20.031690491022,19.9544652409812,0.591653484693404,1211966,19.9544652409812,1853.7844706992717,1505.2217690531163,1116,0.1,273.77338964963366,1953.0075796384626,955.8225615500198,176.40270891465494,144.86954821700172,614.8533151070388,333.53686682518975,0.0,128.90384143263194,1338.154264531424,622.28569472483,176.40270891465494
1118,Birch,19.531,27.6819314402354,28.0176297438549,28.0152274502611,0.624596794838974,308268,27.6819314402354,1088.7955644678593,705.4707300949673,1118,0.1,85.12238198118025,419.8118882104455,373.3433125890558,915.9887117820391,77.13256924638777,415.09501081279694,185.72710752748623,0.0,7.989812734792478,4.7168773976485685,187.61620506156962,915.9887117820391
1119,Spruce,22.399,35.1849870530303,12.35549563684,11.8083444100513,0.6607214607795,2263360,11.8083444100513,1447.0774168425833,961.1892927761894,1119,0.1,233.85752925588162,1045.3481395302376,833.3394287024585,295.7216121301657,163.9851095679486,341.96894800145304,413.9624107386009,33.99691295920884,69.87241968793303,703.3791915287845,419.3770179638575,261.72469917095685
1120,Birch,15.423,30.6262344161516,17.4636154714684,15.7834330207113,0.440770278156001,105062,15.7834330207113,697.5832031691749,547.1677758707992,1120,0.1,186.87148414438803,978.9007597033717,78.37859282748876,0.6001423646821459,40.91686105368953,264.0111748940446,0.0,0.0,145.9546230906985,714.8895848093271,78.37859282748876,0.6001423646821459
1129,Dead,17.446,31.2390648187867,29.7801194461505,29.7569654332443,0.765390347357562,20478,29.7569654332443,0.0,0.0,1129,0.1,0.0,0.0,0.0,0.0,0.0,0.0,0.0,0.0,0.0,0.0,0.0,0.0
1133,Dead,16.65,15.0389693784312,14.9299917905742,14.6725828586958,0.899879879879881,265339,14.6725828586958,0.0,0.0,1133,0.1,0.0,0.0,0.0,0.0,0.0,0.0,0.0,0.0,0.0,0.0,0.0,0.0
1136,Pine,19.493,21.2096487255179,20.2730728839825,20.3720508916404,0.553839839942543,64121,20.2730728839825,1583.1713896284089,791.4019368097964,1136,0.1,116.94095723636612,716.0621971195193,962.6333317781457,578.9368403042489,99.95377668209298,595.9508194630434,177.27650958710848,0.0,16.987180554273134,120.11137765647584,785.3568221910372,578.9368403042489
1180,Spruce,19.436,60.8390974105831,62.3731632524798,,0.96897509775674,9116,60.8390974105831,2249.4652308814448,2523.138877292278,1180,0.1,176.75893382706118,1567.4810421411255,1591.361826905944,1437.0023052995625,98.66443836985526,927.4457206766394,442.58048068763645,710.3839562629579,78.09449545720591,640.0353214644861,1148.7813462183076,726.6183490366047
1204,Spruce,20.048,31.4680384272289,,,0.963188347964884,8468,31.4680384272289,2012.5766619199428,2007.5759691670903,1204,0.1,136.63920691955644,760.3225228446724,1328.550287554608,1794.6406137681706,97.72044882990777,548.1878836799677,326.52930462676454,965.2873603929845,38.91875808964867,212.1346391647047,1002.0209829278436,829.353253375186
1207,Unknown,13.569,18.9207776754167,19.3113318351728,,0.681479843761515,9291,18.9207776754167,0.0,0.0,1207,0.1,0.0,0.0,0.0,0.0,0.0,0.0,0.0,0.0,0.0,0.0,0.0,0.0
1208,Spruce,18.586,49.7736425304941,47.1019600519537,,1.0,9145,47.1019600519537,2029.9464880127487,2442.246341552037,1208,0.1,463.784872822393,1759.6971818812272,1032.5860008287823,1216.1247740323581,324.3901307038495,939.7281105956907,311.0132180975051,454.81502861570715,139.39474211854352,819.9690712855363,721.5727827312771,761.309745416651
1209,Pine,21.262,20.4188482881906,,,0.988571159815634,62361,20.4188482881906,1760.586165560239,716.4033215316614,1209,0.1,100.5972120556837,811.1424967792822,757.5270595254574,807.7227187314818,91.02992153286115,487.55008820990264,560.0654494309958,601.723210132475,9.567290522822546,323.59240856937953,197.46161009446155,205.99950859900687
1210,Pine,19.816,29.3882751194186,28.6226301579227,28.7536039252218,0.40320952765442,22090,28.6226301579227,1833.9254783044887,926.715507565518,1210,0.1,162.7286015223583,1166.0158463508037,499.40553533324606,932.4910026635476,132.4989891303525,597.2055886889818,0.0,0.0,30.2296123920058,568.810257661822,499.40553533324606,932.4910026635476
1214,Spruce,20.178,18.3362382066198,18.4558191423622,19.1683039121151,0.828724353256021,46406,18.3362382066198,1641.9879571176689,1493.413147573977,1214,0.1,161.2418362459204,1676.3806172103568,940.6763699468589,357.1022812884248,106.31889393494131,668.2901904481974,349.3335086433775,232.16574798038212,54.92294231097909,1008.0904267621595,591.3428613034814,124.93653330804267
1215,Pine,24.812,53.8187678396747,37.3507640869828,37.887073974299,0.685152345639206,81161,37.3507640869828,2596.6851908141616,785.0670167294872,1215,0.1,179.6318073310246,1038.614412029193,542.7568090538482,1620.7491791295392,86.94343424407873,913.7262806405937,479.0091094202103,285.4369350654673,92.68837308694586,124.88813138859935,63.747699633637865,1335.312244064072
1219,Pine,22.495,21.2203243779178,22.7442657373524,23.8712563717535,0.452811735941322,40693,21.2203243779178,1915.6233817412242,684.9933696829928,1219,0.1,296.79267137880925,917.0886931157861,311.3269436050001,1075.408443324553,145.27126216381174,581.0850486552491,136.19180827857355,0.0,151.5214092149975,336.00364446053703,175.13513532642656,1075.408443324553
1221,Spruce,20.869,25.6892745079226,24.4552218061744,,0.766687431117925,40566,24.4552218061744,1943.0464712662972,1730.6170507751958,1221,0.1,162.3265876406104,1984.6823894188537,1024.2363489234804,502.4181960584034,108.97888435938961,739.3469409480182,529.9365357084054,108.97888435938961,53.3477032812208,1245.3354484708354,494.29981321507506,393.4393116990138
1222,Pine,20.493,32.3729212929141,32.9958813382774,32.8879164820956,0.468452642365684,26178,32.3729212929141,1979.7786346795149,936.6428461196092,1222,0.1,317.65445672883254,960.4303347522543,330.9046363331468,1307.43205298479,118.00063454165911,662.6189478108498,141.60076144999098,0.0,199.6538221871734,297.8113869414046,189.30387488315583,1307.43205298479
1223,Pine,21.949,34.2169861391397,34.2142188111712,34.2550927592354,0.63779671055629,45101,34.2142188111712,2182.7064510368778,881.1545477041209,1223,0.1,212.70071755816576,752.2093471962796,644.6777860102882,1454.273147976382,163.640900518002,747.1281518599769,477.69919444144386,0.0,49.059817040163736,5.0811953363026525,166.97859156884425,1454.273147976382
1224,Pine,22.597,44.7864890924539,,,0.477319998229854,59951,44.7864890924539,2410.2229892880723,929.1638729460531,1224,0.1,914.8900671465988,1655.594713823219,435.2186798221586,333.6834014421764,288.7997081400613,715.4947724190696,140.49715531138128,0.0,626.0903590065375,940.0999414041496,294.72152451077733,333.6834014421764
1225,Spruce,19.894,14.1671420927518,14.0337849957547,13.8210363593227,0.893284407359003,98119,13.8210363593227,1378.3062745619584,1214.927356848688,1225,0.1,143.42251343247307,855.0586536042555,1089.0746365419177,505.6778278320654,69.64707123853506,246.666710636479,683.4118865281208,230.70592347764799,73.77544219393802,608.3919429677765,405.66275001379677,274.9719043544174
1226,Pine,20.643,31.6556205411053,31.3080416842725,36.1223514865951,0.794458169839653,77696,31.3080416842725,1978.013102244775,916.3088893130883,1226,0.1,403.10791119163594,1073.0902603033176,448.0356064111215,970.088213651775,292.17629039837266,736.0287971237757,384.77861194539753,156.4659915794569,110.93162079326326,337.0614631795419,63.256994465723956,813.6222220723181
1227,Pine,24.599,33.7554583221553,33.5753688831506,33.6350464147483,0.829302004146509,515833,33.5753688831506,2498.731826318747,763.517651141584,1227,0.1,281.0332848748715,1019.1560552932941,332.15773808930476,1629.9023992028701,247.16938230478686,959.7876014172766,322.60419378741693,540.8836482903456,33.86390257008464,59.36845387601747,9.5535443018878,1089.0187509125244
1228,Spruce,21.136,24.17982002977,24.0914247580041,23.9182113120006,0.520439061317185,201070,23.9182113120006,1958.2978810994614,1694.0408505013304,1228,0.1,99.32788216968518,1549.4137066669696,1297.8108173328667,705.7863254309631,84.6886157958305,677.5089263666514,252.4679489762494,0.0,14.639266373854683,871.9047803003182,1045.3428683566174,705.7863254309631
1229,Spruce,24.3193333333333,20.2289243794019,20.223064224813,20.1995962619784,0.394733956522932,1024839,20.1995962619784,2200.6721414169497,1378.1731288587182,1229,0.1,208.45855839438548,1859.4983912441648,1266.4671585932947,244.42116204408273,110.3412319716999,596.4013424293137,156.43313899785275,0.0,98.1173264226856,1263.0970488148512,1110.034019595442,244.42116204408273
1231,Pine,23.617,33.3016067875813,33.3052761817089,33.34052792046,0.762162848795361,2713763,33.3016067875813,2369.9510671844723,799.1491793685508,1231,0.1,189.63343756860974,1094.3145185796513,764.4643241944743,1120.6879662101712,162.4071838399186,805.0756113207393,548.7042711162964,287.69272565928435,27.22625372869114,289.23890725891204,215.76005307817803,832.9952405508868
1232,Spruce,22.134,27.9445826932031,28.2468716423495,28.1134093861688,0.702403542061986,219282,27.9445826932031,2201.390095718704,1768.0761394227397,1232,0.1,219.27146146972234,1484.9213854288682,1251.4170095877726,1013.8563786548455,98.86949033758627,789.4110869141692,536.058017924102,118.95235556240848,120.40197113213607,695.510298514699,715.3589916636704,894.904023092437
1233,Spruce,22.992,29.2432007307981,28.1663189941799,28.1326356107297,0.587291231732776,133077,28.1326356107297,2321.2878089767305,1722.2746292024913,1233,0.1,558.2820499512538,1281.4171516147026,1339.0053292174907,864.8579073957775,138.04084696937434,734.5745070870239,486.42965122541295,0.0,420.24120298187944,546.8426445276785,852.5756779920779,864.8579073957775
1234,Spruce,18.638,16.670144438602,16.484005227861,16.4788570321662,0.97628500912115,381894,16.4788570321662,1407.9753876965049,1467.213870364991,1234,0.1,338.07778700405765,1493.494566840325,1007.4669064420261,36.14999777524234,131.4961674097486,601.6399988336408,608.8452682807502,32.423712511992804,206.58161959430902,891.8545680066842,398.62163816127594,3.7262852632495402
1235,Spruce,22.949,22.9532565101306,22.7836066954325,22.7471273026169,0.549043531308554,981388,22.7471273026169,2139.6313285170304,1547.4046276261956,1235,0.1,144.56172454616552,1299.4648605354869,1585.0784488269333,657.9309222343268,92.72315606132517,713.9683016721998,362.9449251543284,0.0,51.838568484840366,585.4965588632872,1222.133523672605,657.9309222343268
1236,Spruce,18.133,20.7223204702079,20.8590323953822,20.4788310447055,0.57342965863343,570274,20.4788310447055,1515.4744298106789,1734.0910877595222,1236,0.1,142.121088948075,1754.234925290555,1070.2607782150003,282.94872511676573,114.60266975794437,574.4826137866158,176.31179962760686,0.0,27.51841919013062,1179.7523115039394,893.9489785873935,282.94872511676573
1239,Spruce,21.649,25.0409367957515,24.9286808755512,25.1503524291897,0.47110721049471,310123,24.9286808755512,2052.6399860215165,1700.1853072020954,1239,0.1,259.1522863562566,1965.3869875778187,592.9338446117423,935.3521746775357,120.06195371437892,724.6596492046413,117.20333576879847,0.0,139.09033264187764,1240.7273383731774,475.73050884294383,935.3521746775357
1240,Dead,17.346,20.4207194151814,19.4164511933047,19.313604280098,0.310734463276837,98945,19.313604280098,0.0,0.0,1240,0.1,0.0,0.0,0.0,0.0,0.0,0.0,0.0,0.0,0.0,0.0,0.0,0.0
1241,Spruce,21.745,25.102250266095,24.8577869254113,24.7412000609815,0.734881581972865,636689,24.7412000609815,2058.698365280882,1687.8472571433576,1241,0.1,178.00028615259401,1644.368698942527,1327.260226639922,596.9164106887746,151.47820927970037,755.8131483851716,500.193670225673,102.56337086646377,26.52207687289366,888.5555505573554,827.0665564142489,494.35303982231085
1242,Pine,20.266,22.6469159601216,22.5463665580391,22.5693644392258,0.700631599723675,585149,22.5463665580391,1731.425988082575,802.8018417426127,1242,0.1,254.28478202139954,676.3306667248366,913.5494530046758,690.0629280742563,114.89694857552391,558.0708930811145,523.8753726717338,13.678208163752823,139.38783344587563,118.25977364372213,389.67408033294197,676.3847199105035
1243,Spruce,22.8935,25.3743692826811,25.2287951130786,25.1678096073277,0.681394282219843,4091183,25.1678096073277,2218.5010304880934,1636.732105072862,1243,0.1,161.50682862206207,1572.4643109173326,1260.0048740747409,861.2571219466373,152.82532331711718,786.1242010024505,481.6313219690989,87.99033766743125,8.681505304944887,786.3401099148822,778.373552105642,773.266784279206
1244,Spruce,20.625,23.0652638845871,23.1116466038062,23.1881984460736,0.649696969696969,2820492,23.0652638845871,1870.4856994645559,1691.648839576683,1244,0.1,152.61169149237986,1696.4379648629201,1237.5052631221095,475.57961956421605,136.477008495165,713.7964174469239,361.77238759829453,0.0,16.134682997214874,982.6415474159962,875.732875523815,475.57961956421605
1245,Spruce,22.598,32.5005231633547,32.2486956716007,32.3063451932642,0.734445526152756,2050373,32.2486956716007,2368.471310274602,1852.4179035234467,1245,0.1,408.5129827060672,1644.912811955894,1048.8173215059549,1118.6460976302378,182.0557853389373,847.8890227302243,562.5319209911013,144.2127288358995,226.45719736712985,797.0237892256699,486.2854005148535,974.4333687943382
1246,Spruce,17.805,23.4811962771321,23.4245359195177,23.6081010318083,0.819938219601235,11433804,23.4245359195177,1569.092358752557,1899.437011833717,1246,0.1,227.78851253037195,1912.929278196438,1129.444265170714,198.36731468818368,142.50494037615968,743.9240955230041,365.9237028303063,32.60706262844322,85.28357215421227,1169.0051826734339,763.5205623404078,165.76025205974045
1247,Pine,22.147,21.2561074230495,21.2227775529102,21.1150094325907,0.279947622702849,860878,21.1150094325907,1875.752951015248,695.8800903564895,1247,0.1,120.51658235110872,1009.9988903828023,512.3744751642242,928.7430934735843,88.8376781649295,430.0871720683109,0.0,0.0,31.67890418617922,579.9117183144914,512.3744751642242,928.7430934735843
1248,Spruce,19.235,20.5760721907262,20.5062806190476,20.4290747852083,0.706992461658437,7515251,20.4290747852083,1627.053706860859,1659.098431249089,1248,0.1,287.2316930819738,1543.8353230160742,1176.6346156533334,278.4505063582115,132.1318061581412,646.8713640611569,368.82008501533306,0.0,155.0998869238326,896.9639589549174,807.8145306380004,278.4505063582115
1249,Spruce,24.197,24.7387940620364,24.65454803102,24.5575088716105,0.586835833643289,13538606,24.5575088716105,2370.4022884847986,1547.373151396161,1249,0.1,322.50001488497287,1723.0033888406622,1119.8103658221821,752.4616703332631,157.89762531158894,764.2245065080966,453.48197989488534,11.368629022434416,164.6023895733839,958.7788823325656,666.3283859272968,741.0930413108287
1251,Pine,23.7485,39.0679976999013,39.0327262125823,38.9959197119794,0.724256268816978,6022743,38.9959197119794,2484.466738660805,839.2502452091588,1251,0.1,243.83908100582744,917.8572852606403,646.7146330906598,1515.3059845131083,176.70409383059217,831.5486768498415,538.7742468756355,249.46460305495344,67.13498717523528,86.30860841079881,107.94038621502433,1265.841381458155
1253,Spruce,21.828,18.5645829194442,17.9906902676711,17.8558747811601,0.403151914971595,3818125,17.8558747811601,1793.2761557072072,1382.2266220076306,1253,0.1,191.8555029187904,1977.2438887395974,775.1878456279148,231.21554042868735,133.97841745057033,538.5151924712192,45.52664670650441,0.0,57.87708546822006,1438.7286962683784,729.6611989214105,231.21554042868735
1254,Spruce,21.8475,17.8731681758826,17.8330697281418,17.7816714084839,0.439409543426021,21996023,17.7816714084839,1791.6137594776515,1377.2917056208614,1254,0.1,187.25723517478045,1878.1003102344985,876.7078268776662,226.84009281174812,105.00215647502097,578.7328159204593,98.89737993577556,0.0,82.25507869975948,1299.367494314039,777.8104469418906,226.84009281174812
1255,Pine,23.2416666666667,30.7645844160598,30.7189120039127,30.8107864370603,0.920659734671926,18731222,30.7189120039127,2270.7095735709586,789.1068693773811,1255,0.1,278.3492520718088,866.0030951774363,662.0490620405255,1253.4150336587397,249.12377469175027,824.438391066225,557.3920426556394,458.8178872020693,29.2254773800585,41.56470411121132,104.65701938488607,794.5971464566704
1256,Spruce,21.75,13.233819687796,12.7401095645315,12.7411007106375,0.239011494252875,4314349,12.7401095645315,1466.5031746542186,1056.6927468342935,1256,0.1,326.89770095735685,1831.5523845136468,333.8814902641598,30.86434575383907,86.33263105830643,258.99789317492,0.0,0.0,240.5650698990504,1572.5544913387266,333.8814902641598,30.86434575383907
1257,Pine,21.546,23.5551712994252,23.6511962668853,23.6123950071209,0.686113431727467,196957,23.5551712994252,1894.520780194207,763.7656477097066,1257,0.1,318.54695893362236,815.1105373340794,725.8997348737307,798.7291967624437,143.37630922613542,706.8785478125781,395.1184335650462,51.6821579768627,175.17064970748697,108.23198952150135,330.7813013086845,747.0470387855811
1259,Spruce,16.949,19.2186797852953,16.3855664688067,16.5338078775979,0.330402973626762,1370461,16.3855664688067,1252.8378300403137,1563.3684238162675,1259,0.1,153.7491850509782,1526.1444627799312,1059.2966715495782,77.01593447631559,87.21557057900088,321.69677672582185,0.0,0.0,66.53361447197734,1204.4476860541095,1059.2966715495782,77.01593447631559
1260,Spruce,22.1406363636364,16.8126561807609,16.7831832072099,16.8926399796566,0.659404550251081,3268265,16.7831832072099,1769.6008673519032,1308.2008561679,1260,0.1,146.33124656327732,1447.7143120716732,1249.001477896637,234.75468698840353,141.15475602336457,667.8289532288265,346.05682121857086,9.106758453120307,5.176490539912742,779.8853588428466,902.944656678066,225.64792853528323
1261,Pine,22.323,29.133298678097,29.1440483430536,29.1137437742492,0.770326569009542,8888495,29.1137437742492,2126.4682281365094,809.6516738911464,1261,0.1,153.0247202100274,756.2565818656815,736.5717873291336,1290.2668126229512,137.4177333495103,739.6307412635283,534.5145657491971,224.31424120287718,15.60698686051707,16.625840602153186,202.05722157993645,1065.952571420074
1262,Pine,21.6795,28.724996849911,28.547438789608,28.5380169080689,0.830177510243934,5854697,28.5380169080689,2039.582563915391,831.2268980654886,1262,0.1,147.546694205526,806.1280145329298,755.5515401546674,1161.5832130879135,138.19292426419725,737.3651652345143,565.8848942497434,250.1594541424888,9.353769941328748,68.7628492984155,189.6666459049239,911.4237589454247
1264,Spruce,15.65,11.8281791852695,12.5767706364525,12.9538830933431,0.383386581469649,2016930,11.8281791852695,933.2073160889847,1248.8953163552453,1264,0.1,307.44093584544527,1665.6137020969759,202.97163770107622,6.076356800925176,63.32063629951065,290.7580238242844,0.0,0.0,244.1202995459346,1374.8556782726914,202.97163770107622,6.076356800925176
1265,Spruce,19.699,94.4889195485545,20.7444826138995,21.1105152936386,0.720848774049443,6381424,20.7444826138995,1687.5515301589899,1645.718615258167,1265,0.1,289.5867274538308,1616.6420678266131,1092.8963929565375,334.14495717997943,150.00041378041595,663.2830796852784,392.579207940931,8.203147628616502,139.58631367341482,953.3589881413347,700.3171850156065,325.94180955136295
1266,Spruce,20.492,19.5844929335648,19.1070055034701,19.0523623110973,0.603796603552608,6881174,19.0523623110973,1705.872992911259,1514.5599039511749,1266,0.1,220.19863427563212,2064.3493276383933,860.789651432912,75.0952835151232,102.82678686723223,561.5924513518065,362.26667988609495,0.0,117.37184740839989,1502.7568762865867,498.522971546817,75.0952835151232
1267,Pine,21.439,29.5003143367262,29.8488982592783,29.9672234237411,0.839498110919354,3855112,29.5003143367262,2033.248799955011,854.526253320182,1267,0.1,175.44289369484437,773.5649143020657,635.6974087623026,1303.069836515667,153.6461996571261,740.9887643038758,543.7549902759266,266.97389302124833,21.79669403771827,32.57614999818997,91.94241848637598,1036.0959434944186
1268,Spruce,20.33,20.263154365426,20.308142370863,20.4625637543085,0.71815051647811,12395277,20.263154365426,1737.6809316192237,1584.690608988335,1268,0.1,154.60476403239952,1025.116089150351,1197.2437020015423,945.406985423806,132.07865734752102,666.5651866136525,415.98605164592936,30.859499380261994,22.526106684878496,358.5509025366986,781.257650355613,914.5474860435439
1269,Pine,20.952125,28.6884410935736,28.5510563437169,28.4911960127891,0.763627794316806,5285605,28.4911960127891,1956.610094019494,865.2181650847813,1269,0.1,88.82570666626698,715.5003630753635,839.0918520977509,1178.4103372650934,84.00583650389257,698.630817507053,555.0765399371107,154.1879277603088,4.8198701623744125,16.869545568310432,284.0153121606401,1024.2224095047845
1270,Spruce,15.597,17.8460834763342,18.0347126758151,18.1482326089077,0.767775854330964,4701683,17.8460834763342,1190.2849607655885,1761.2939507154933,1270,0.1,182.35508846788048,1576.8803782548614,1179.394298643588,12.949146115174758,86.99501861971359,629.3545878269917,195.7387918943552,0.0,95.36006984816689,947.5257904278697,983.6555067492327,12.949146115174758
1272,Unknown,22.8483333333334,28.3168676863212,28.4740934201544,28.5684105120675,0.726413305128017,9668051,28.3168676863212,0.0,0.0,1272,0.1,0.0,0.0,0.0,0.0,0.0,0.0,0.0,0.0,0.0,0.0,0.0,0.0
1273,Pine,23.523,35.5199454738262,35.4964809519194,35.4706827835757,0.756536156102537,3457116,35.4706827835757,2398.3255152520273,821.8365157685718,1273,0.1,186.29660711042456,813.9188353781683,750.425083150469,1469.5215053819595,176.28951884356562,788.8510792696866,593.8641872154477,252.8597138968308,10.00708826685895,25.06775610848166,156.5608959350213,1216.6617914851288
1274,Pine,22.397,16.61988125613,16.4153536847691,16.5095523205198,0.410412108764567,6364611,16.4153536847691,1691.8517334867333,583.0658575414933,1274,0.1,163.6098303845007,984.3077386341145,250.21521732413933,876.7848046851831,120.29410299359756,494.2203508532104,75.3649801887598,0.0,43.31572739090314,490.08738778090407,174.85023713537953,876.7848046851831
1275,Pine,20.8735,22.8853340519573,22.7224146278738,22.7626676435142,0.776055764486072,9904700,22.7224146278738,1798.838252956349,778.2281621677105,1275,0.1,196.27051307686196,933.7115094223053,548.6326819202967,898.4517107047329,136.5135078405452,660.5865506521311,490.5231129185652,106.43426035025566,59.75700523631677,273.1249587701742,58.10956900173155,792.0174503544773
1276,Pine,24.2177,29.3713409050757,29.2574825880168,29.2663630050825,0.693643492156562,4752572,29.2574825880168,2354.389476637479,736.0694056649946,1276,0.1,228.633210986516,954.6686703844744,855.1490525723275,1052.0079483594138,149.96658736979535,788.8653363013877,520.7743821677132,170.50995550264398,78.66662361672064,165.80333408308667,334.37467040461433,881.4979928567698
1277,Pine,21.799,23.6995932935259,23.965984297994,23.9599559775888,0.816505344281848,4302528,23.6995932935259,1925.8214730693828,755.5867551510574,1277,0.1,184.85503464727867,616.8823699049462,693.4887786191896,1186.1820450487903,180.9448793974688,590.0376502091367,521.8555217405233,277.97329298741613,3.9101552498098573,26.8447196958096,171.63325687866637,908.2087520613742
1278,Dead,21.293,13.2993715083067,13.2820898372318,13.281455657594,0.516460808716479,2429823,13.281455657594,0.0,0.0,1278,0.1,0.0,0.0,0.0,0.0,0.0,0.0,0.0,0.0,0.0,0.0,0.0,0.0
1279,Spruce,16.426,16.7939107384554,16.651876621516,16.6844548187345,0.693839035675146,5890242,16.651876621516,1218.43670950472,1617.2405010322452,1279,0.1,113.85398144696701,1352.7134596509695,1121.4607670657997,247.64900237345103,95.7946541969636,556.5790667899513,190.37671783447203,0.0,18.05932725000341,796.1343928610182,931.0840492313276,247.64900237345103
1280,Pine,25.717,39.95750945372,39.9142998825513,39.8920119178531,0.715460590271027,3543602,39.8920119178531,2759.862532211679,768.6587909895495,1280,0.1,171.3528179010171,846.9213209279865,945.6256511163199,1564.6215332551717,166.87278822861708,837.8046171890466,659.7496318110811,307.08033710111494,4.480029672400002,9.11670373893992,285.87601930523874,1257.5411961540567
1281,Pine,19.347,19.3525494294185,19.0753400755267,18.91241964355,0.733963922055099,482455,18.91241964355,1521.6648169776224,764.9157668740844,1281,0.1,255.9052777777717,587.8201212012348,843.2448314880905,599.610353384634,102.69361772270655,564.8148974748868,428.9943062932412,18.219835402415683,153.21166005506515,23.005223726347882,414.2505251948493,581.3905179822183
1282,Pine,19.748,34.3693295463677,34.1588940942116,34.0485637099133,0.68867733441361,221966,34.0485637099133,1921.3908877094434,998.009517044401,1282,0.1,241.07299331816134,1693.7222357089638,806.466127235972,178.1390484903602,110.62471371498427,736.5276992076492,471.61062162703405,0.0,130.44827960317707,957.1945365013146,334.85550560893796,178.1390484903602
1284,Pine,22.487,33.9068925181865,33.7163973247972,33.379986684598,0.702628185173655,801491,33.379986684598,2232.9199732632087,848.1458642295015,1284,0.1,168.97443363133485,771.4208223814235,896.7971430062796,1243.8734384736,139.81398873442538,756.266575427124,557.9849186764775,111.85119098754039,29.16044489690948,15.15424695429947,338.8122243298021,1132.0222474860595
1285,Pine,22.65,30.0122040894776,29.7974810195531,29.7767226421558,0.732847682119206,259755,29.7767226421558,2179.5549554383433,803.3585470566397,1285,0.1,152.96806628227924,900.0488850309264,855.8546564658941,1074.0418947158423,140.22693220946744,652.2182893463639,632.651740665973,169.57675523005386,12.741134072811802,247.8305956845625,223.20291579992116,904.4651394857884
1286,Spruce,21.899,22.6625766541384,22.769423162164,22.8283513961381,0.630165760993651,3052123,22.6625766541384,2007.2971229648765,1600.8944361303095,1286,0.1,407.43063483808396,1589.493325760446,1027.1518528726456,584.115745623944,112.2161921192399,693.0274722089277,456.26363828702046,0.0,295.21444271884405,896.4658535515182,570.8882145856252,584.115745623944
1287,Spruce,17.04,37.2550347633628,35.4696658748404,38.1091547452658,0.63356807511737,372917,35.4696658748404,1709.179882351312,2367.005467384392,1287,0.1,395.3411571763568,2814.488325783422,854.2188124447844,12.137054331408578,169.84746354544615,642.8073235719958,266.5298658713154,0.0,225.49369363091063,2171.6810022114264,587.688946573469,12.137054331408578
1288,Spruce,16.198,188.426618483748,,,0.580256821829856,275557,188.426618483748,2025.0680236510134,3352.5382282326086,1288,0.1,948.9728371294899,3355.515923941156,987.2978122606244,85.81967855214624,227.92458853473747,847.1913951196875,94.61020656158922,0.0,721.0482485947524,2508.3245288214684,892.6876056990351,85.81967855214624
1289,Spruce,24.187,34.6798122445513,44.0426848799786,42.7760555601641,0.495927564394096,141671,34.6798122445513,2652.50672182867,1807.7066317866281,1289,0.1,369.03474850672853,1413.407024202194,1021.3586802564921,1656.412900650118,210.51968393247714,797.423045198772,301.9575264486033,0.0,158.51506457425143,615.9839790034221,719.4011538078888,1656.412900650118
1290,Spruce,13.9,33.9079237939117,40.4230585091704,40.404853481224,0.5394964028777,418341,33.9079237939117,1341.3196405129374,2674.1336022092096,1290,0.1,504.4999047301096,3044.7930418439396,466.1602961474855,0.0,111.74774474654168,607.2330280566775,0.0,0.0,392.75215998356794,2437.560013787262,466.1602961474855,0.0
1291,Spruce,17.946,16.8055381919835,15.742337922809,15.760118544209,0.4791597013262,865895,15.742337922809,1311.526426613106,1456.3074159350485,1291,0.1,95.73677071472005,1846.5598628063126,789.3386226859286,36.198586341383674,60.53517933612876,513.7309813930899,35.99389041607654,0.0,35.20159137859129,1332.8288814132227,753.3447322698521,36.198586341383674
1296,Spruce,20.842,27.495816510354,26.5060782462976,26.5992083281005,0.843153248248728,70182,26.5060782462976,1998.3360585037708,1804.516380934675,1296,0.1,188.31011795024762,1385.2535812052474,1463.6990478188186,765.5896924641577,134.49663623068318,607.4041636224421,622.5892677130029,318.88718590178183,53.81348171956442,777.8494175828055,841.1097801058158,446.70250656237585
1298,Pine,19.85,32.0034042521605,,,0.392795969773299,34733,32.0034042521605,1900.224756622238,968.665874364473,1298,0.1,461.2159658363496,1285.018081047022,486.6122395260053,636.0443445772936,189.939221281688,550.5018108333667,0.0,0.0,271.2767445546616,734.5162702136554,486.6122395260053,636.0443445772936
1302,Spruce,20.349,23.9970244583848,23.8940567500393,23.9057703196749,0.39313971202516,61672,23.8940567500393,1864.5643878249925,1741.9655535794827,1302,0.1,280.8309674488708,1596.6572588716208,1049.47104131723,679.5706737669702,101.39376707220778,621.5878763991884,4.4084246553133815,0.0,179.43720037666304,975.0693824724323,1045.0626166619165,679.5706737669702
1303,Spruce,21.394,31.9295935013691,32.0179190468437,32.2310848201509,0.439235299616714,30906,31.9295935013691,2196.9938128127815,1923.7816781828244,1303,0.1,250.30811514166518,1090.064717485684,773.8676044335302,2006.5350539349338,182.25020103159903,639.474389584559,137.48699376067998,0.0,68.05791411006615,450.59032790112485,636.3806106728503,2006.5350539349338
1313,Spruce,7.99400000000003,45.0393998713173,,,0.486740055041282,6474,45.0393998713173,832.1314580039001,4164.123870112216,1313,0.1,406.3258247747449,4589.929503341474,0.0,0.0,162.596751964403,235.48495112085953,0.0,0.0,243.72907281034188,4354.444552220614,0.0,0.0
1314,Spruce,17.433,101.846848575699,,,0.865657087133598,11658,101.846848575699,2107.01520119776,2989.5807944931994,1314,0.1,85.04932553220155,3302.4862512128966,1614.8004346790628,94.25998426691703,76.42179635660162,1242.859740746833,434.39757929015667,68.37739674011723,8.627529175599935,2059.626510466064,1180.4028553889061,25.88258752679979
1323,Spruce,12.056,,,,0.936131386861315,9557,,,,1323,0.1,,,,0.0,,,,0.0,,,,0.0
1326,Spruce,20.575,107.6994678473,,,0.921944106925878,9692,107.6994678473,2597.779850062763,2669.8350626401384,1326,0.1,140.58120548755764,999.1762494756695,1521.1356470652297,2606.7218106744067,132.26438296487476,584.5232408447704,529.0575318595002,1147.7135166952032,8.316822522682877,414.65300863089914,992.0781152057295,1459.0082939792035
1331,Pine,21.238,88.1148622758386,,,0.367077879273001,11640,88.1148622758386,2480.406465016338,1153.6468638759059,1331,0.1,160.1556127083532,1356.947587466212,166.39782671143485,1950.5523020063158,76.41291560521317,826.2146499813745,0.0,0.0,83.74269710314003,530.7329374848377,166.39782671143485,1950.5523020063158
1332,Spruce,19.533,,,,0.532227512414887,22428,,,,1332,0.1,,,,,,,,0.0,,,,
1334,Spruce,20.0,17.3559198219276,16.1383403253849,16.3824563475968,0.855950000000001,52687,16.1383403253849,1519.4021690897812,1371.7542137340213,1334,0.1,322.4152043474865,1514.1132765782668,832.6923580476846,221.93554385044777,42.6617454823845,369.7351275139983,674.6876044806748,210.1485981169314,279.753458865102,1144.3781490642684,158.0047535670097,11.786945733516385
1338,Pine,20.633,30.4433637514535,,,0.472592448989483,17325,30.4433637514535,1960.635622080879,906.4455732943647,1338,0.1,118.08196981354085,766.9874987172217,618.1026084364995,1363.9091184078825,107.97489242898332,626.8542366015998,185.95675918324932,0.0,10.107077384557522,140.13326211562182,432.14584925325016,1363.9091184078825
1339,Spruce,19.076,26.7112961794448,,,0.387869574334241,41900,26.7112961794448,1792.405090424882,1933.8959173171775,1339,0.1,276.788407838351,2048.564588245148,1171.748276363803,229.1997352945504,132.76042602979797,556.5026077413473,0.0,0.0,144.02798180855305,1492.0619805038007,1171.748276363803,229.1997352945504
1340,Pine,20.729,26.0523068388289,26.1656148295715,26.1932912264605,0.626610063196487,36351,26.0523068388289,1875.5019947952248,841.2014246741248,1340,0.1,215.56420420009047,832.7688403376171,308.1832478038827,1360.187127127537,123.46423644269844,773.3986131882244,274.8826396271397,0.0,92.09996775739204,59.37022714939274,33.30060817674297,1360.187127127537
1343,Pine,22.089,32.9718226194401,33.0852324183145,33.0286585294982,0.977590655982616,144726,32.9718226194401,2177.5430596306282,862.4007618217059,1343,0.1,167.33616578266114,737.9236509673763,662.5896350213943,1472.0943696810791,146.63507176330486,727.0012505317491,609.6931931211061,645.1943157585375,20.70109401935628,10.922400435627228,52.89644190028826,826.9000539225415
1344,Spruce,23.345,22.6106169871444,17.1648880420147,16.7103076830336,0.981323623902335,168667,16.7103076830336,1895.3674423136295,1251.635591938229,1344,0.1,295.48076894473195,1568.8787041964458,659.7786696970334,622.8648914135092,154.08351289858308,805.5594183118878,408.18614820501904,491.9859534656525,141.39725604614884,763.319285884558,251.59252149201438,130.87893794785674
1345,Spruce,26.203,53.1912765010466,28.5212036967488,,0.86058848223486,33751,28.5212036967488,2797.6475146739062,1561.717444791561,1345,0.1,103.14257209134914,1934.8006841648826,1669.974467165701,651.4472360436538,44.73693813453296,881.5808397099128,1084.2128536133835,389.47452023005303,58.40563395681618,1053.2198444549697,585.7616135523176,261.97271581360076
1346,Spruce,21.399,60.0127156476321,43.1714559434762,44.5630263346105,0.429459320528997,114810,43.1714559434762,2378.6287691632415,2143.86823580721,1346,0.1,575.5243916494213,2845.4434716487985,941.3228411988505,160.20630047302163,155.83449636407204,755.3644337647324,103.88966424271462,0.0,419.6898952853493,2090.079037884066,837.4331769561359,160.20630047302163
1347,Pine,25.266,23.6787352356662,24.0572191653127,23.9200777300455,0.53819361988443,19238,23.6787352356662,2309.9915574074043,633.0730300439668,1347,0.1,203.94962947349057,630.7736212474015,468.9252441418437,1639.4160925888973,199.18268002601414,624.5558610985191,415.2452481898262,0.0,4.766949447476443,6.217760148882315,53.67999595201746,1639.4160925888973
1349,Spruce,20.291,19.2659752753431,20.4859714723324,20.1040502114237,0.999408604800158,65097,19.2659752753431,1693.542234646048,1536.8709867940931,1349,0.1,303.7596142525754,1543.3164645145039,982.2240155446497,401.1131271283069,120.70381176611095,622.2952073275035,670.5767320339469,278.9599205261232,183.05580248646442,921.0212571870005,311.6472835107028,122.15320660218374
1351,Pine,19.119,15.7806330443415,14.5624870460654,14.5901677211484,0.418327318374391,31023,14.5624870460654,1312.5791497589184,642.8447245596413,1351,0.1,262.33598026634695,570.6439047885688,431.0759123709367,691.3680768926907,101.68526071967698,443.3477367377909,0.0,0.0,160.65071954667,127.29616805077782,431.0759123709367,691.3680768926907
1352,Pine,20.1,23.5423438879572,,,0.506915422885572,34646,23.5423438879572,1743.3337966442691,829.6697230025846,1352,0.1,152.4667919076212,577.9312740909821,726.7094694087109,1115.895984239569,128.52499373830247,568.215761790389,182.64078057548218,0.0,23.941798169318734,9.715512300593124,544.0686888332287,1115.895984239569
1353,Spruce,15.839,63.5782944398156,65.5137967886717,64.4860926677918,0.870256960666708,96168,63.5782944398156,1775.5059362093168,2946.2905846979043,1353,0.1,716.350947833325,2339.779237877226,1547.7701049296597,117.89623026677293,483.10072407103496,561.4846163871974,499.0974367886188,0.0,233.25022376229,1778.2946214900285,1048.672668141041,117.89623026677293
1354,Pine,23.598,,,,0.355792863802017,23919,,,,1354,0.1,,,,,,,,0.0,,,,
1355,Pine,23.55,26.8915116520902,26.4870317696639,26.5858151005663,0.560000000000001,86069,26.4870317696639,2202.049171561751,727.8727036905572,1355,0.1,175.2344900501108,733.0945820941893,440.2200168121377,1581.372786295688,142.30708792791054,706.6840616420078,380.0246098074902,0.0,32.927402122200256,26.410520452181423,60.19540700464748,1581.372786295688
1356,Spruce,23.049,15.0388250564733,14.9606485776394,14.9322742134148,0.346999869842509,3013216,14.9322742134148,1749.4262365040129,1159.1224431309415,1356,0.1,289.4024886392023,1768.7538195966686,536.9246603417272,313.46771105720956,82.99076666711464,519.0695224270421,0.0,0.0,206.4117219720877,1249.6842971696265,536.9246603417272,313.46771105720956
1357,Pine,21.967,25.531874225283,26.4823116778856,27.3875490696396,0.727318250102426,17954,25.531874225283,1996.9291959256987,777.2562199079467,1357,0.1,1235.4570648391461,725.0798834205343,355.9303647539888,457.71810281998023,316.68603225686417,703.9587102577234,305.23954916324254,124.00356684756689,918.771032582282,21.121173162810937,50.69081559074625,333.71453597241333
1359,Spruce,19.937,36.9292279683901,35.7115872577354,,0.340873752319807,125223,35.7115872577354,2072.581117415128,2118.9914647579276,1359,0.1,666.8636293205386,3064.009265878999,323.3941883573576,137.30549861613525,150.25511656325006,549.2083570932584,0.0,0.0,516.6085127572885,2514.800908785741,323.3941883573576,137.30549861613525
1360,Spruce,20.949,17.9219328728448,17.7064129770094,17.8788526123064,0.648288701131319,789422,17.7064129770094,1692.7057461413372,1417.6142496834234,1360,0.1,150.11370991911673,1257.463898290623,1262.1594849269895,440.582902687679,134.56372511837694,577.1648932788219,380.9936795520316,0.0,15.549984800739798,680.2990050118012,881.1658053749579,440.582902687679
1361,Pine,22.649,25.3532948820735,25.609662469974,25.7050079627894,0.662280895403771,818538,25.3532948820735,2067.512250029572,746.7997807692208,1361,0.1,192.63233548761443,786.4902584571977,739.8525974499577,1095.3368394041502,167.49685480206713,673.9131267426978,452.7649356368402,71.97130479776321,25.13548068554729,112.57713171449981,287.08766181311745,1023.365534606387
1363,Pine,22.197,29.9736358217988,30.2276870708197,29.159620316101,0.783664459161147,179827,29.159620316101,2112.9143391451157,815.7009167521226,1363,0.1,326.8809693094176,704.0288189813177,714.864200403305,1182.8412672030295,249.58314577726662,645.8678352556701,470.5880687556071,287.68744284249783,77.29782353215099,58.16098372564759,244.27613164769787,895.1538243605315
1364,Pine,19.058,,,,0.220274950152167,602943,,,,1364,0.1,,,,,0.0,,0.0,0.0,,,,
1365,Pine,22.996,28.6916280453505,28.5974461172521,28.5091441864572,0.834884327709168,157030,28.5091441864572,2190.602778741777,774.3163882008591,1365,0.1,137.42115758904794,718.0764800802369,587.4362650752665,1521.9852641978566,105.39022118245092,702.0610118769384,530.1938819486384,489.65918149384987,32.030936406597014,16.01546820329854,57.24238312662816,1032.3260827040067
1366,Spruce,20.9985,20.0408787812866,14.6919178690795,13.6562892600942,0.266630156122264,1707335,13.6562892600942,1465.4348819595739,1154.882538367248,1366,0.1,361.4476492427159,1514.139626210131,478.04143458369754,266.68871029025655,139.88411800939664,245.6938995806075,0.0,0.0,221.56353123331928,1268.4457266295235,478.04143458369754,266.68871029025655
1367,Spruce,17.648,33.1490384432825,,,1.00260652765186,52113,33.1490384432825,1748.001761640473,2249.477741431035,1367,0.1,1086.614005038928,2043.0118927667572,510.30239387609345,357.5512113897498,566.4615056764505,556.7784030153146,411.5318630982759,217.86980987555816,520.1524993624774,1486.2334897514427,98.77053077781757,139.68140151419166
1368,Pine,22.649,25.2354101198382,24.9588052312275,24.9240845194733,0.538655128261733,743220,24.9240845194733,2055.016579649642,740.5413018707403,1368,0.1,151.47016474431373,690.4418432135233,702.0761175065998,1251.569756055928,132.1415548241343,639.4436158731093,331.11332128346464,0.0,19.328609920179453,50.998227340414026,370.96279622313506,1251.569756055928
1369,Pine,23.642,27.4130185251485,27.344450516611,27.3350159509644,0.769816428390153,1514131,27.3350159509644,2236.0910123186395,735.1316392893353,1369,0.1,206.16359826066076,848.3552941711125,760.6406977363586,1156.063061439724,181.90933125260545,616.1858333274901,558.5385100432151,362.53761087667345,24.25426700805532,232.1694608436225,202.10218769314352,793.5254505630504
1370,Spruce,20.1,25.2508897788438,24.9950472800532,24.966230595076,0.45721393034826,511885,24.966230595076,1866.8183801230884,1799.070739339238,1370,0.1,199.49855935399256,1896.3570642307668,1202.0066586653215,368.0268372125109,119.79119253801589,591.5461982031878,137.08064300742024,0.0,79.70736681597666,1304.8108660275789,1064.9260156579012,368.0268372125109
1371,Spruce,17.511,18.1471944890702,18.2427872059568,18.4767900135776,0.867169207926448,10672317,18.1471944890702,1372.8806817736934,1643.560388857153,1371,0.1,216.93440060676602,1531.9814665873241,1018.3381343234541,249.1870691132084,124.11776662412574,604.3353160627096,400.4275566087868,60.58129085225185,92.81663398264028,927.6461505246147,617.9105777146673,188.60577826095655
1372,Pine,20.2997999999999,29.5485971458702,29.3956934488402,29.3142744678349,0.79665809515365,7861659,29.3142744678349,1901.1179519972009,909.7110073835408,1372,0.1,236.17357089411794,861.7480760889989,1079.7482919749452,633.1590204226475,176.29180783857257,773.7251566248369,508.1992238309492,54.41105180202858,59.88176305554537,88.02291946416193,571.549068143996,578.7479686206188
1373,Pine,22.068,32.6919202599879,32.4906650074086,32.5210992302752,0.725031720137757,6766355,32.4906650074086,2166.128574656203,858.5046839743273,1373,0.1,197.21207109362075,832.980782340542,872.8542791631901,1121.5861260329548,154.1504383181818,779.8198644331388,550.4077415243295,83.42259014866305,43.06163277543892,53.16091790740313,322.4465376388606,1038.1635358842918
1374,Pine,20.1923636363636,25.0127875518448,25.1237088887532,25.1301786596307,0.802251976444741,9747940,25.0127875518448,1792.1847011961686,850.9898564852305,1374,0.1,186.30063421427323,693.0069615552628,882.8671422008144,880.9998197113794,156.54283625086396,655.3926744369571,510.32964617782045,113.75446100896131,29.757797963409267,37.61428711830572,372.53749602299405,767.245358702418
1377,Spruce,17.478,22.1478534948091,22.1115828368597,21.9274414274194,0.675077239958807,4788398,21.9274414274194,1493.8513396551216,1854.3949607429618,1377,0.1,285.25165862733843,2033.9096803105936,921.9831382408631,107.10182321958212,145.7492838455298,644.9405810164712,214.9801936721571,0.0,139.5023747818086,1388.9690992941223,707.002944568706,107.10182321958212
1378,Spruce,22.445,10.7504813534636,10.7238733076967,10.7080245210545,0.213856092670973,550830,10.7080245210545,1350.308759910095,868.6099595306799,1378,0.1,107.35934174970063,1663.4349934275042,226.5116398501285,221.61274441348704,61.94076880321478,222.0803174164049,0.0,0.0,45.41857294648586,1441.3546760110994,226.5116398501285,221.61274441348704
1379,Spruce,20.2082,22.0877373744725,22.0504875167886,22.0814840224611,0.771676844053405,11578496,22.0504875167886,1789.1089912276118,1674.4494737741202,1379,0.1,134.66147083197214,1802.5364658256935,1129.1192198740814,397.24130847026765,119.37428509664639,777.8582448233184,414.601011679753,66.74691209704974,15.287185735325757,1024.6782210023753,714.5182081943284,330.4943963732179
1380,Pine,20.946,25.4618546620029,25.7486007374021,25.834340722571,0.754272892198988,488538,25.4618546620029,1883.917209910544,821.6646029261398,1380,0.1,122.07690294781527,1373.890990750414,902.0234426681343,307.59047647031366,112.59878224832445,595.9074014372881,514.4898204269587,195.7486522163177,9.478120699490816,777.983589313126,387.5336222411757,111.84182425399597
1381,Pine,21.1985357142856,26.5343916732918,,,0.71700875565866,3511933,26.5343916732918,1938.5219661833703,826.1063294071982,1381,0.1,344.6175430882212,229.5371161355795,1012.8705801800211,1177.603056186919,274.24087311539154,199.63122381193924,758.1953550837288,155.2687296315083,70.37666997282967,29.905892323640263,254.6752250962923,1022.3343265554107
1382,Spruce,20.347,16.0491374234517,15.9765519952635,16.0004178434078,0.609328156484985,9848066,15.9765519952635,1544.2510699516192,1344.0138007337623,1382,0.1,183.50799734514578,1773.7877018930699,829.4400002749278,101.52917117203319,100.04757697491536,553.0407727224491,284.8576844424668,0.0,83.46042037023042,1220.7469291706207,544.582315832461,101.52917117203319
1383,Spruce,20.393,19.1818302444614,18.8988337538677,18.901680169614,0.655322904918354,9555979,18.8988337538677,1688.8406270895684,1511.9652504648943,1383,0.1,244.9346618074395,1631.177710043596,1056.3894843036162,268.30402140013604,124.83889132495636,689.8991362694989,289.10059043673976,0.0,120.09577048248313,941.2785737740971,767.2888938668764,268.30402140013604
1384,Spruce,22.8496,13.2033455743558,13.030427680391,13.1027522283927,0.367384987045726,11200841,13.030427680391,1589.1708512177224,1038.5316753269528,1384,0.1,127.38815242890101,915.2876263048668,422.2475831670807,1162.7791646438338,106.35817688041975,463.53115894152785,9.524612854962957,0.0,21.029975548481254,451.75646736333886,412.7229703121177,1162.7791646438338
1385,Pine,23.881,23.8757421462577,24.3145394273151,24.3900813268275,0.661613835266529,473419,23.8757421462577,2159.3719624287205,680.1290646021802,1385,0.1,193.53897739963134,1297.8395555325674,619.8371209516696,728.2853731470545,111.84189818443501,654.3585684820711,494.10749048646096,165.25892418297093,81.69707921519631,643.4809870504964,125.72963046520866,563.0264489640836
1386,Pine,21.198,19.0462294285155,18.8685430456003,18.6902115135451,0.725634493820173,6187609,18.6902115135451,1686.6122775071656,680.577514877272,1386,0.1,176.5737755894079,882.8134570778225,664.4361194162361,643.3664403011301,142.52825052457715,638.4683875539689,376.68180495780905,63.99227574572857,34.045525064830734,244.3450695238536,287.7543144584271,579.3741645554015
1387,Spruce,15.245,28.547817073022,28.4258451061912,28.409933363361,0.852673007543458,5850577,28.409933363361,1406.3089530726222,2331.507034665171,1387,0.1,386.9247115261985,2893.9294296288117,439.29443912731625,17.66740745620753,158.7384369110813,823.7562824552467,215.25894096275414,0.0,228.18627461511718,2070.1731471735648,224.0354981645621,17.66740745620753
1388,Spruce,22.797,22.3786833670918,22.2664050341359,22.1257498148689,0.640303548712548,5790945,22.1257498148689,2096.4922523106366,1531.1262214034007,1388,0.1,138.8969861047241,1490.2800214198896,1231.9839361710765,766.4575300178184,129.01780039136224,767.3163918012506,408.7827149242084,33.95205273456894,9.879185713361872,722.9636296186392,823.2012212468682,732.5054772832494
1389,Pine,19.849,24.5334731097347,24.5716848548367,24.5703759546594,0.755705577107159,937501,24.5334731097347,1744.029814514527,860.2622393931277,1389,0.1,169.27393426302456,739.5253962249404,800.8680086583595,894.6247147612141,145.56506455625586,655.042790503157,438.1223021448093,77.0638577062531,23.70886970676869,84.48260572178346,362.7457065135502,817.560857054961
1390,Pine,20.7496666666666,14.7085254115605,14.6528229670432,14.6802801502581,0.471871034072838,13141195,14.6528229670432,1450.8635961993,585.8255466054931,1390,0.1,200.5991803625542,907.5885714925257,543.0497713829568,385.45161956633643,152.1180262366984,414.7027143833794,114.08851967752366,0.0,48.4811541258558,492.8858571091464,428.9612517054331,385.45161956633643
1391,Spruce,15.896,19.2648496606588,19.3821624741063,19.3535981024816,0.754781077000505,7703022,19.2648496606588,1262.5089980886426,1830.1242947692733,1391,0.1,216.58590468065785,1550.3183757766544,1266.9549689802213,58.774043419671244,106.59352535715337,600.0377101565614,244.32673227931824,0.0,109.99237932350448,950.280665620093,1022.628236700903,58.774043419671244
1392,Spruce,17.749,12.6446546376949,12.2791159239449,12.13993553965,0.50673277367739,469803,12.13993553965,1100.3958343468794,1172.8908197109595,1392,0.1,111.88584821390818,1864.059473117508,263.56370502267134,33.777627703688104,63.04813172513625,484.9856286548982,6.466475048731925,0.0,48.837716488771925,1379.07384446261,257.0972299739394,33.777627703688104
1393,Spruce,19.249,14.0905143507741,14.0374763318867,13.9842300784465,0.415528079380748,7544307,13.9842300784465,1332.4213878281016,1257.3153112218927,1393,0.1,444.0227667136797,2027.4551595797134,116.24208154251151,2.0166912134370123,100.45925159253521,449.1119482960361,0.0,0.0,343.56351512114446,1578.3432112836774,116.24208154251151,2.0166912134370123
1394,Spruce,18.397,59.8087263518709,31.1005454963871,21.7601337168194,0.467087025058432,3596531,21.7601337168194,1583.5487476848646,1779.7631009673405,1394,0.1,259.0648407371212,2016.708605438802,978.4289166220454,109.10948585397222,50.6910130342008,580.1304825025171,104.19819345919053,0.0,208.3738277029204,1436.5781229362847,874.2307231628549,109.10948585397222
1395,Spruce,20.7765,19.7966397494725,19.6838320128817,19.6651585305746,0.567925300218999,3336460,19.6651585305746,1762.2413099593116,1530.0369247429533,1395,0.1,258.5520185926124,1844.644741301358,1038.6295172705743,150.45195753762374,137.32006933708814,650.7098740177961,209.1010146723847,0.0,121.23194925552426,1193.9348672835617,829.5285025981897,150.45195753762374
1397,Pine,22.972,34.4640011888822,34.5019255622627,34.5273439020774,0.687663242207907,5655533,34.4640011888822,2311.826106586028,836.6885396971403,1397,0.1,184.7767258715445,994.4559035480531,969.8053301989362,999.4766866643758,161.48679834757183,782.8004123289071,537.376973032315,104.92080118627551,23.28992752397266,211.65549121914597,432.4283571666211,894.5558854781003
1398,Pine,20.35,71.2781199586241,78.5046226233068,,0.982751842751843,3637384,71.2781199586241,2297.4956832602916,1172.3072068814272,1398,0.1,287.32379911502653,884.2672000247017,981.6608040857379,1316.55108691656,217.73020630918595,511.446793343727,571.3591319925614,957.1361418289586,69.5935928058406,372.8204066809746,410.3016720931765,359.4149450876015
1399,Pine,24.087,35.2008451224777,35.0396877794368,34.9872314380989,0.722173786689918,2931654,34.9872314380989,2460.9767160880315,794.9518516506712,1399,0.1,209.13770348040273,886.6484967655568,726.7888354858887,1433.3535320068115,176.70398148129394,840.2642452730425,537.4746103389342,219.9596436147353,32.43372199910879,46.384251492514295,189.31422514695447,1213.3938883920762
1400,Spruce,18.745,23.4287141278786,23.1970172851902,23.2054255675024,0.693518271539077,4849654,23.1970172851902,1663.4531049017203,1820.691500300665,1400,0.1,263.2398414233245,1892.0428594557304,1007.4815424554745,321.3803618675888,111.67282875223174,756.7476395445265,282.4665668438808,0.0,151.56701267109275,1135.295219911204,725.0149756115937,321.3803618675888
1401,Spruce,20.6316,20.9611454423514,20.8990445149894,21.0020140450364,0.319829775683903,2185392,20.8990445149894,1795.14784847348,1597.3493491300478,1401,0.1,237.29536881487786,2005.0148990730715,510.5028541728794,639.6840755422218,112.3609307168554,455.8278666581557,0.0,0.0,124.93443809802244,1549.1870324149158,510.5028541728794,639.6840755422218
1402,Spruce,16.8496666666667,16.1756464848291,15.898741171754,15.9188066668853,0.617203109853806,5435972,15.898741171754,1223.825341142031,1534.4034937034914,1402,0.1,176.5671364747804,1832.156514598325,738.2964690393735,11.208714733374375,125.42218628397532,503.0520297694196,124.05890165045385,0.0,51.14495019080507,1329.1044848289052,614.2375673889196,11.208714733374375
1404,Pine,20.1485,25.5289723686395,25.5710036157079,25.592367897436,0.684864878278779,4063100,25.5289723686395,1800.524460440594,861.7970079120502,1404,0.1,194.65575888627887,1155.0456666244445,851.1176790585738,461.50236378293386,139.87383134128802,712.5855817150698,377.7694814965469,0.0,54.781927544990864,442.46008490937476,473.3481975620269,461.50236378293386
1405,Spruce,15.546,17.0647134034514,17.2701804847909,17.2260731477143,0.59177601955487,4445931,17.0647134034514,1158.923186235868,1710.1818794785033,1405,0.1,125.66543054636772,1817.9865279717026,916.6610281004017,8.792079096064676,107.07234524485392,515.8940270888438,59.79364734452872,0.0,18.593085301513792,1302.0925008828588,856.867380755873,8.792079096064676
1406,Spruce,20.101,29.1068432296092,29.1196265409429,28.9978779860342,0.686533008308043,2895606,28.9978779860342,1967.7641778899642,1933.7983155827667,1406,0.1,171.1643957700517,1831.900033162832,1433.0557297087885,465.4423348309575,156.84904548846714,799.3892732136283,391.58175494362246,0.0,14.315350281584548,1032.5107599492037,1041.473974765166,465.4423348309575
1407,Pine,21.9999999999999,24.1460193569122,24.0452748506911,23.9953937664518,0.700000000000001,1232012,23.9953937664518,1956.35202219718,752.1531832489268,1407,0.1,123.96530913561024,758.8624568027997,773.6132644680292,1052.0641750394898,102.72108452460388,640.5800965492637,489.3518332213781,134.10808257378835,21.244224611006363,118.28236025353596,284.26143124665117,917.9560924657014
1409,Pine,21.349,18.0462113131686,17.9491441140296,17.9002376980162,0.271659874779459,2466194,17.9002376980162,1666.8387785782706,655.9082666463702,1409,0.1,563.68644587151,618.4824376973152,885.629332327074,254.94882932876078,183.2706729754456,263.8292105470703,0.0,0.0,380.4157728960645,354.6532271502448,885.629332327074,254.94882932876078
1410,Spruce,19.0,26.2903919704391,26.3210067892588,26.3694441371839,0.481052631578949,467119,26.2903919704391,1773.548049405335,1924.5205716524451,1410,0.1,73.18691814001463,2273.386424339446,1060.9071372211915,290.588141356751,37.84020551094212,704.7738276412925,105.63724038471356,0.0,35.34671262907251,1568.6125966981535,955.269896836478,290.588141356751
1411,Spruce,17.471,9.76507879663968,16.6466903637314,12.2638770639396,1.09896399748154,265058,9.76507879663968,916.3011814059785,944.5334506979912,1411,0.1,79.24087899095264,852.2508175745568,312.0519384547135,617.290997083704,45.79587654700572,198.44879837035808,207.6079736797592,555.6566354370018,33.445002443946926,653.8020192041987,104.4439647749543,61.63436164670221
1412,Pine,22.34,32.7551378646396,32.5723476504195,32.7116091281268,0.989883616830797,133046,32.5723476504195,2200.164611433977,846.8471196209731,1412,0.1,286.78146959473514,570.5415645056167,634.7421859835734,1554.946510970994,274.1118177672947,553.2532101725208,460.20607937077875,890.2347109139648,12.669651827440424,17.288354333095956,174.5361066127947,664.7118000570293
1413,Spruce,19.018,22.7016367481813,22.9107849691875,22.9566460829967,0.746030076769377,1191173,22.7016367481813,1678.532770058717,1780.1486999859712,1413,0.1,155.8566307679477,2043.1423821454987,1103.4013373540151,156.28111977733803,95.91345875151156,727.0858969872686,411.4996778693888,15.469912701856686,59.943172016436165,1316.05648515823,691.9016594846264,140.81120707548135
1414,Pine,19.9985,29.0748363833869,28.9928457159194,29.014813227725,0.46978523389254,1386991,28.9928457159194,1861.3705392638194,921.7449488963028,1414,0.1,222.00811862512978,1428.3473646087532,814.8390665207487,317.920938405333,102.99543479452451,658.6917341510242,107.78592013380474,0.0,119.01268383060528,769.655630457729,707.0531463869439,317.920938405333
1415,Pine,20.498,31.9459777038556,32.0638121567129,31.9433923381078,0.760903502780761,509770,31.9433923381078,1972.8656980408532,931.4820628892962,1415,0.1,183.55027905726723,915.2708700548588,1080.2057665896846,725.320845228359,120.28626170169403,713.6083840280279,520.3394466871036,144.61382024810408,63.264017355573195,201.66248602683095,559.866319902581,580.7070249802549
1416,Spruce,17.6433333333333,20.5477328624078,20.4816171157203,20.4138279949431,0.71365955034952,2056624,20.4138279949431,1464.422557124749,1764.8608112360987,1416,0.1,310.1806044155199,1733.7141466843018,989.6518137592025,195.73680350152193,125.07457537763476,662.523740861724,255.10259928507793,0.0,185.10602903788515,1071.1904058225778,734.5492144741246,195.73680350152193
1419,Pine,22.847,28.7124518148808,28.5324373650093,32.7478865704707,0.674005339869568,315975,28.5324373650093,2173.775822905885,780.6367341529445,1419,0.1,214.94072766265438,1282.7256219336214,804.0838933185003,652.6623141438829,169.35798360675307,778.2855651141763,409.1232188253033,104.65942807158916,45.58274405590132,504.44005681944515,394.960674493197,548.0028860722938
1423,Dead,21.646,26.7742597611141,25.3183267532273,,0.998059687702115,18972,25.3183267532273,0.0,0.0,1423,0.1,0.0,0.0,0.0,0.0,0.0,0.0,0.0,0.0,0.0,0.0,0.0,0.0
1430,Spruce,15.501,39.0218295347179,45.0861905977202,22.33003509147,0.774079091671505,89912,22.33003509147,1309.787517422901,2037.3081807779452,1430,0.1,339.61344067156244,1972.4408821514862,971.9991789408143,63.04219643679812,110.11923238936807,596.1627408665838,305.67580025324656,0.0,229.49420828219436,1376.2781412849024,666.3233786875677,63.04219643679812
1434,Spruce,21.437,70.0449579288427,64.4427834138213,62.1638365239933,0.652376731818818,48309,62.1638365239933,2557.247222958783,2356.649941415364,1434,0.1,595.7490490166186,2513.429654932316,1456.4146527192397,348.303807706203,288.84569390598483,830.7112592179809,544.1046792182505,0.0,306.9033551106338,1682.7183957143352,912.3099735009891,348.303807706203
1437,Dead,20.657,22.9428125864753,21.8115174138848,20.9871208321436,0.726146100595438,134837,20.9871208321436,0.0,0.0,1437,0.1,0.0,0.0,0.0,0.0,0.0,0.0,0.0,0.0,0.0,0.0,0.0,0.0
1438,Pine,21.342,28.4278491545196,29.0312252328402,29.1931264276273,0.262346546715397,12827,28.4278491545196,1998.939995151522,845.5291348209566,1438,0.1,141.2397185835016,455.20600872979963,78.14735808577903,2169.87604457349,117.84230598296894,398.58427023651075,0.0,0.0,23.39741260053265,56.621738493288895,78.14735808577903,2169.87604457349
1439,Pine,21.547,,,,0.380377778809116,8673,,,,1439,0.1,,,,,,,,0.0,,,,
1441,Spruce,18.246,41.8536500350669,46.1946671570979,48.1622538409898,0.449303957031678,50333,41.8536500350669,1933.6659756904132,2387.835621185498,1441,0.1,617.1445481263809,2584.7407278528754,801.7138998726507,317.9024210240921,169.01703897193573,673.8442474802135,20.01517566772921,0.0,448.12750915444514,1910.8964803726617,781.6987242049215,317.9024210240921
1443,Unknown,14.993,43.8017008629358,45.9427826695719,50.5674033466427,1.09791235910092,12387,43.8017008629358,0.0,0.0,1443,0.1,0.0,0.0,0.0,0.0,0.0,0.0,0.0,0.0,0.0,0.0,0.0,0.0
1444,Pine,21.076,,,,0.492598215980263,12736,,,,1444,0.1,,,,,,,,0.0,,,,
1446,Pine,22.834,18.1550219433191,18.7207654973575,18.9281665619982,0.376587544889202,110787,18.1550219433191,1820.7626441125942,610.9748639504451,1446,0.1,110.05577484504025,587.8086627344226,988.9978160416848,744.8752544420786,103.67264959869112,552.16954677564,24.791285773600073,0.0,6.38312524634912,35.63911595878261,964.2065302680847,744.8752544420786
1447,Spruce,22.699,52.1982947987532,54.9468304375382,56.1989609050956,0.731265694523989,323785,52.1982947987532,2674.7996599132675,2163.159474239732,1447,0.1,323.5781428900223,1629.2926143961104,1077.083437461289,1808.004939405109,177.10061154663765,915.2810366658222,600.2613647996682,260.16550014815783,146.47753134338467,714.0115777302881,476.82207266162067,1547.8394392569512
1449,Spruce,14.65,21.1573701015501,21.0365227807689,20.9462758254248,0.709897610921501,280703,20.9462758254248,1196.5360852954886,2038.9538873025056,1449,0.1,75.69626650721642,1863.7114733712197,1295.0999841760906,0.9822485431556547,64.7278244419783,592.1907342563903,180.41159578508845,0.0,10.968442065238127,1271.5207391148292,1114.6883883910023,0.9822485431556547
1450,Pine,23.404,32.4619041540852,33.2459995568504,,0.606392069731671,9647,32.4619041540852,2327.01260631463,799.9736834204685,1450,0.1,167.97889133041338,637.0117226673433,635.1193067725009,1686.8763689648863,143.4394481082161,628.4013917121864,597.6643671175682,37.567474504532825,24.539443222197264,8.610330955156927,37.45493965493267,1649.3088944603535
1451,Pine,23.544,30.33854865765,,,0.49265205572545,127391,30.33854865765,2298.6525065977376,773.0354406200323,1451,0.1,163.57448776005774,525.276646795759,681.2064508396999,1701.6303618221566,161.68303678224817,520.0076047861467,445.7208041024118,0.0,1.8914509778095654,5.2690420096123605,235.48564673728805,1701.6303618221566
1452,Spruce,19.937,17.4037718136941,17.0049025729285,16.8295470242023,0.360987109394593,180041,16.8295470242023,1547.9764644854392,1418.508965982394,1452,0.1,148.72903171973456,1629.8630668376645,861.236178755226,326.6571531554613,101.52319932771694,452.2397060961944,0.0,0.0,47.20583239201762,1177.6233607414702,861.236178755226,326.6571531554613
1453,Spruce,19.838,21.1792814639129,14.8129066354755,14.7591583471713,0.383052727089425,557956,14.7591583471713,1429.3148193967515,1286.4217484119442,1453,0.1,173.5388288961404,2005.3872985858889,253.5433066623871,283.2671336638642,87.83669047549225,455.153759736642,0.0,0.0,85.70213842064814,1550.233538849247,253.5433066623871,283.2671336638642
1454,Pine,21.3,33.4069256975103,33.6051489557888,33.1764537155524,0.553943661971832,65235,33.1764537155524,2087.5449048447517,902.8573381776108,1454,0.1,91.83288083801827,847.505024754119,899.6073240575345,1151.4570133728507,88.06775221785762,794.5242863132868,258.4597075958861,0.0,3.7651286201606498,52.98073844083219,641.1476164616485,1151.4570133728507
1457,Pine,20.286,21.053575177638,19.9612810466401,22.3679869078426,0.432268559597752,192554,19.9612810466401,1648.3587524127126,747.5253919935014,1457,0.1,246.15708423719371,1158.2659103715878,421.4560062446969,570.0051435528039,99.00014838903361,534.6008013007832,74.25011129177521,0.0,147.1569358481601,623.6651090708046,347.20589495292165,570.0051435528039
1459,Pine,20.333,29.1984145928571,29.7870364880547,29.8515728615202,0.472089706388628,146862,29.1984145928571,1902.4762074078114,906.3975399469389,1459,0.1,296.3745643891997,1112.2882860085103,485.5850561324979,914.6258408245827,67.85554545348859,636.3749803340685,188.8951670732254,0.0,228.5190189357111,475.9133056744419,296.6898890592725,914.6258408245827
1460,Spruce,19.132,16.6552447976706,,,0.930744302738867,14280,16.6552447976706,1462.2918717412197,1450.983668734374,1460,0.1,727.005964397157,1277.7396090169534,132.09280186543043,776.4371651960632,191.14215040091216,629.6447307324183,56.218279529680046,483.4772039552495,535.8638139962449,648.0948782845351,75.8745223357504,292.95996124081375
1461,Pine,16.946,86.25397631881,84.6172538068252,84.3995957357829,1.06166646996341,7353,84.3995957357829,1896.823083107306,1501.2302947717192,1461,0.1,1319.3419487897859,1855.8725701256972,135.0945464061742,87.74431255738253,867.3609536952542,968.0867418663161,95.1299110504471,83.93815680921804,451.98099509453164,887.7858282593811,39.964635355727104,3.806155748164489
1462,Unknown,18.711,24.0672535889662,,,1.00742878520656,29663,24.0672535889662,0.0,0.0,1462,0.1,0.0,0.0,0.0,0.0,0.0,0.0,0.0,0.0,0.0,0.0,0.0,0.0
1463,Spruce,20.285,28.6071945716467,21.8733334064287,18.4300325280558,0.325264974118806,137576,18.4300325280558,1657.1796562462946,1492.6999619322405,1463,0.1,361.36084892319343,1924.1550505091097,595.8153610348807,268.54835771124993,116.38413389506178,417.0431464573025,0.0,0.0,244.97671502813165,1507.1119040518072,595.8153610348807,268.54835771124993
1464,Spruce,20.9481578947369,19.8543545435214,19.7472209878938,19.6032781189084,0.381878823662426,11463764,19.6032781189084,1778.380456027668,1517.5523692511306,1464,0.1,326.4144889327537,2466.355076875926,436.2298005469432,66.93345892257791,122.96883774053903,550.054155914672,0.0,0.0,203.44565119221468,1916.3009209612542,436.2298005469432,66.93345892257791
1465,Dead,23.248,19.9662954371746,20.2263880584798,20.3789200170919,0.4731159669649,536941,19.9662954371746,0.0,0.0,1465,0.1,0.0,0.0,0.0,0.0,0.0,0.0,0.0,0.0,0.0,0.0,0.0,0.0
1466,Spruce,20.195,18.8491752343129,19.5762027503933,18.3329693133498,0.346620450606584,793259,18.3329693133498,1643.595511419547,1492.2989991129186,1466,0.1,376.1904504763838,1851.2179155764036,863.9010114552115,44.585133024823115,84.72154923653345,479.5844840710883,0.0,0.0,291.4689012398503,1371.6334315053152,863.9010114552115,44.585133024823115
1467,Spruce,21.1975,22.4238769624957,22.3483261229665,22.4093916142566,0.707418327632976,7335076,22.3483261229665,1912.7366678683877,1628.0455125676654,1467,0.1,205.7063516842366,1861.0482369133026,1173.6150160637753,300.4125757748227,169.0307669067269,724.6744581213857,397.40212219560044,59.34058838214881,36.6755847775097,1136.373778791917,776.2128938681749,241.07198739267392
1468,Pine,20.5466666666666,27.5845093940724,27.460949873458,27.4477273726395,0.681262167423751,7163676,27.4477273726395,1888.6617317533053,871.0352773840441,1468,0.1,199.4349099300023,1031.8177418542143,1164.796202837258,363.6481545157878,138.4810043630153,666.123955293621,479.1240588910173,0.0,60.953905566987,365.69378656059337,685.6721439462408,363.6481545157878
1470,Pine,21.694,27.5480512932266,27.6514809168169,27.6835708678341,0.765050244307182,2008314,27.5480512932266,2018.1850249258969,817.6033918103525,1470,0.1,191.55557717380023,1535.5565254530939,797.9598335098199,310.7164805998136,135.23773045219568,812.8650819733023,451.75156768073805,136.67642971232542,56.317846721604546,722.6914434797916,346.20826582908177,174.04005088748818
1472,Pine,22.549,32.6177270105022,,,0.656304048960042,361750,32.6177270105022,2226.145425704673,837.9231386612009,1472,0.1,68.54069582346614,1313.1403134257816,870.5414653941618,811.8460897224422,14.248150288816621,814.9941965203067,558.5274913216091,69.8159364152014,54.29254553464951,498.1461169054751,312.0139740725528,742.0301533072409
1473,Pine,17.819,24.707656049086,,,0.826252876143442,606359,24.707656049086,1542.1442762995275,982.1778242454482,1473,0.1,269.79123445186815,1070.5898040695538,871.1113806015757,312.82968142207886,39.20992956987504,330.0169072131142,689.4412616036406,214.0208655689009,230.58130488199313,740.5728968564397,181.6701189979351,98.80881585317796
1474,Unknown,17.698,23.0177144412832,23.3029555096858,22.9338411877137,0.55367838173805,1120877,22.9338411877137,0.0,0.0,1474,0.1,0.0,0.0,0.0,0.0,0.0,0.0,0.0,0.0,0.0,0.0,0.0,0.0
1475,Spruce,19.334,22.5729349918141,20.1238404865608,19.3755804543011,0.475793938140065,85917,19.3755804543011,1598.150194185481,1598.5159876595321,1475,0.1,107.2802391665004,1899.3876382302897,832.3821165047327,357.6161879432723,58.3410570486723,579.0890107053393,97.23509508112058,0.0,48.93918211782809,1320.2986275249502,735.1470214236122,357.6161879432723
1476,Pine,18.8983333333333,17.2617061243946,17.0724422786762,17.2609031134965,0.571390775200634,2258546,17.0724422786762,1409.8315501591524,734.5998752272058,1476,0.1,177.6043172839837,1408.474078299118,466.91049616457394,91.44253363893587,122.77301320301281,475.52927649054317,204.0452895486693,0.0,54.831304080970895,932.9448018085748,262.86520661590464,91.44253363893587
1480,Pine,20.9492916666667,23.2018745268153,23.0984313175874,23.0596994056033,0.668246539759698,8051606,23.0596994056033,1816.95982700942,781.0215679112852,1480,0.1,232.94783512132722,1271.2543358733174,583.7057496749005,510.07347425099584,144.03639602706636,809.3473681520807,257.89373764846266,0.0,88.91143909426084,461.90696772123675,325.81201202643786,510.07347425099584
1481,Spruce,17.826,19.6866955135656,19.6566333908944,19.5586000455791,0.594637047009985,5820438,19.5586000455791,1453.846113684241,1705.4102321311273,1481,0.1,154.6566825419274,1675.1328297640578,1173.2616768430048,156.20515666605624,123.56730670062646,578.8152787555691,158.686435973436,0.0,31.089375841300964,1096.3175510084886,1014.5752408695687,156.20515666605624
1484,Spruce,19.244,20.4391698455488,20.5546999854525,20.6630909924496,0.737684473082519,8090389,20.4391698455488,1628.3573867230748,1659.0368833630737,1484,0.1,200.51845464005493,1783.0350397430682,1136.3734482153845,167.46732748804786,137.0678231502408,689.6675733243658,360.7047977637915,11.542553528441339,63.45063148981413,1093.3674664187024,775.6686504515932,155.9247739596065
1486,Spruce,17.148,18.8740620079236,18.7377795222311,18.7189687027699,0.641299276883601,2089443,18.7189687027699,1359.7763972960745,1703.397736176562,1486,0.1,100.82383342045085,1722.5184598790356,1017.3093603826521,222.52247979043236,63.81198079810632,609.3418558564232,190.1847270845523,0.0,37.01185262234454,1113.1766040226123,827.1246332980999,222.52247979043236
1501,Spruce,17.353,64.4118713119636,37.3329566727299,,0.933440903590156,26841,37.3329566727299,1770.2680165080003,2380.9298563418843,1501,0.1,619.3773973828718,2092.123306389295,968.1932436251628,471.50392545248684,143.6293067457907,786.6968846758041,483.11675905402154,238.294077100971,475.74809063708113,1305.4264217134908,485.0764845711413,233.20984835151583
1505,Spruce,19.488,14.0606753345448,13.7984958208711,13.6959705007609,0.266779556650245,437745,13.6959705007609,1335.561355766293,1223.8521376002655,1505,0.1,137.30482051688708,1802.3550597994367,482.3411666424842,137.41244640787545,77.26374344525908,273.9350903968267,0.0,0.0,60.041077071628,1528.41996940261,482.3411666424842,137.41244640787545
1506,Spruce,13.811,17.6005500766916,16.8871024192883,17.042445778617,1.02440083991022,249690,16.8871024192883,1011.1097346306292,1838.2010924509407,1506,0.1,148.38999006634188,1710.282104861412,979.5142927804523,11.124439373489345,61.184416554191365,429.681470801024,533.9730899274858,11.124439373489345,87.20557351215052,1280.600634060388,445.54120285296636,0.0
1508,Spruce,17.839,81.0276038572649,,,1.01087504904984,17485,81.0276038572649,2110.9644437238508,2839.9858008626593,1508,0.1,997.606420363616,2026.2259086579138,1209.5799663539908,717.5379492109428,295.1348512888124,669.7290856169219,499.458979104144,669.7290856169219,702.4715690748036,1356.496823040992,710.1209872498467,47.808863594020856
822,Birch,22.548,37.1094302808804,31.8555838421287,32.1091311307116,0.540269646975342,88676,31.8555838421287,1367.1662627435326,738.3347608337953,822,0.1,154.0467745547538,951.0054284744965,813.2179198298335,187.23090071827264,89.6904961341454,450.1940437024564,195.92584106973607,0.0,64.35627842060839,500.8113847720402,617.2920787600974,187.23090071827264
838,Pine,22.675,30.5067821327522,31.791753149125,33.0342100847912,0.626240352811465,191669,30.5067821327522,2198.4669438381275,810.4321792156443,838,0.1,98.29212517190481,1058.6364383427028,1112.1154837476633,739.855075791465,94.85177029824816,648.9065555324579,612.772547799792,16.561420210805256,3.44035487365666,409.7298828102449,499.34293594787124,723.2936555806597
844,Spruce,23.331,32.6031177513362,31.7026496801291,31.7164455502737,0.582915434400583,166409,31.7026496801291,2459.844998879958,1794.3697460156968,844,0.1,145.9790976481951,1552.4705386692206,1947.182478666809,608.5826299114871,119.42942293223734,771.3150231040348,538.6764596839415,0.0,26.54967471595777,781.1555155651857,1408.5060189828675,608.5826299114871
845,Spruce,22.492,12.3099319206615,12.4587507250833,12.3593622460322,0.991152409745687,709158,12.3099319206615,1497.843504909539,997.3248576554769,845,0.1,59.03974898011194,406.03621688815133,582.465724035098,1447.6266726617068,31.664060202759064,182.06834616586514,189.98436121655493,1080.5360544191396,27.375688777352874,223.9678707222862,392.481362818543,367.09061824256713
865,Spruce,21.996,49.7583510015554,29.6997726288796,29.7427961993219,0.627295871976724,605509,29.6997726288796,2227.6366224034227,1826.3043747054926,865,0.1,243.70008570858369,1123.959011695325,1156.276897390118,1530.0050023150202,168.92066326591873,737.268311546039,487.4064971318719,0.0,74.77942244266495,386.6907001492861,668.870400258246,1530.0050023150202
